,coin_name,price,market_cap,volume,supply
0,BitcoinBTC,"$62,905.41","$1,243,704,015,355","$51,268,409,394","19,756,159 BTC"
1,EthereumETH,"$2,426.96","$292,364,223,061","$21,887,854,253","120,345,066 ETH"
2,TetherUSDT,$1.00,"$118,915,443,203","$78,514,929,223","118,891,598,050 USDT"
3,BNBBNB,$564.26,"$82,344,326,373","$1,950,074,635","145,933,777 BNB"
4,SolanaSOL,$140.88,"$66,000,420,027","$3,234,581,132","468,486,539 SOL"
5,USDCUSDC,$1.00,"$35,465,060,659","$8,643,463,514","35,463,854,238 USDC"
6,XRPXRP,$0.5889,"$33,206,908,512","$1,358,241,288","56,386,022,594 XRP"
7,DogecoinDOGE,$0.1049,"$15,322,221,405","$716,999,619","146,022,136,384 DOGE"
8,ToncoinTON,$5.73,"$14,508,992,316","$328,303,943","2,532,594,743 TON"
9,TRONTRX,$0.1512,"$13,106,971,542","$325,073,733","86,677,648,627 TRX"
10,CardanoADA,$0.3524,"$12,673,367,622","$336,546,579","35,960,643,044 ADA"
11,AvalancheAVAX,$26.19,"$10,633,211,905","$473,823,054","405,927,677 AVAX"
12,Shiba InuSHIB,$0.00001424,"$8,393,876,147","$267,145,858","589,269,506,655,882 SHIB"
13,ChainlinkLINK,$11.23,"$6,826,581,030","$295,259,385","608,099,970 LINK"
14,Bitcoin CashBCH,$339.89,"$6,717,243,802","$390,444,924","19,762,984 BCH"
15,PolkadotDOT,$4.24,"$6,344,822,547","$169,073,881","1,495,164,679 DOT"
16,DaiDAI,$1.00,"$5,366,204,525","$92,662,462","5,365,382,703 DAI"
17,UNUS SED LEOLEO,$5.67,"$5,249,622,450","$3,820,315","925,429,992 LEO"
18,NEAR ProtocolNEAR,$4.46,"$5,048,402,634","$497,069,256","1,131,078,754 NEAR"
19,LitecoinLTC,$65.13,"$4,884,287,014","$350,020,368","74,991,644 LTC"
20,KaspaKAS,$0.1733,"$4,287,825,999","$84,673,156","24,736,807,955 KAS"
21,UniswapUNI,$6.79,"$4,074,895,791","$152,742,615","600,210,150 UNI"
22,Artificial Superintelligence AllianceFET,$1.52,"$3,830,186,567","$464,563,448","2,520,000,000 FET"
23,Internet ComputerICP,$8.09,"$3,808,438,774","$108,258,230","470,952,002 ICP"
24,SuiSUI,$1.33,"$3,562,758,776","$915,097,082","2,679,963,750 SUI"
25,PepePEPE,$0.057937,"$3,338,936,022","$838,197,466","420,689,899,999,995 PEPE"
26,AptosAPT,$6.62,"$3,309,127,863","$179,822,579","500,080,578 APT"
27,MoneroXMR,$174.47,"$3,218,384,167","$73,013,932","18,446,744 XMR"
28,First Digital USDFDUSD,$0.9997,"$2,920,482,780","$6,713,757,354","2,921,466,578 FDUSD"
29,POL (ex-MATIC)POL,$0.3979,"$2,888,564,249","$65,711,758","7,259,493,291 POL"
30,StellarXLM,$0.09575,"$2,831,691,076","$62,699,645","29,575,289,861 XLM"
31,Ethereum ClassicETC,$18.63,"$2,771,974,651","$132,692,096","148,802,907 ETC"
32,BittensorTAO,$368.78,"$2,721,969,958","$185,930,779","7,380,936 TAO"
33,RenderRENDER,$5.17,"$2,676,453,887","$340,922,907","517,460,631 RENDER"
34,StacksSTX,$1.70,"$2,535,085,727","$152,099,757","1,489,795,834 STX"
35,OKBOKB,$40.00,"$2,399,967,102","$4,161,143","60,000,000 OKB"
36,ImmutableIMX,$1.47,"$2,362,136,279","$66,144,646","1,605,299,431 IMX"
37,AaveAAVE,$149.14,"$2,227,111,834","$251,548,428","14,932,537 AAVE"
38,CronosCRO,$0.08283,"$2,201,040,960","$6,457,028","26,571,560,696 CRO"
39,FilecoinFIL,$3.69,"$2,161,736,174","$136,053,146","586,461,650 FIL"
40,ArbitrumARB,$0.5594,"$2,023,355,450","$233,441,508","3,617,088,312 ARB"
41,InjectiveINJ,$20.55,"$2,007,944,522","$132,202,219","97,697,857 INJ"
42,MantleMNT,$0.5919,"$1,933,630,517","$105,588,410","3,266,841,708 MNT"
43,HederaHBAR,$0.05198,"$1,924,037,496","$54,411,790","37,013,466,165 HBAR"
44,OptimismOP,$1.58,"$1,873,644,455","$143,217,833","1,187,596,466 OP"
45,VeChainVET,$0.02238,"$1,812,256,242","$22,221,533","80,985,041,177 VET"
46,FantomFTM,$0.637,"$1,785,789,465","$404,094,648","2,803,634,836 FTM"
47,CosmosATOM,$4.51,"$1,762,231,096","$162,697,501","390,934,204 ATOM"
48,dogwifhatWIF,$1.72,"$1,722,345,134","$497,224,399","998,845,511 WIF"
49,THORChainRUNE,$4.56,"$1,529,525,646","$221,093,496","335,593,609 RUNE"
50,The GraphGRT,$0.155,"$1,480,132,777","$55,271,569","9,548,531,509 GRT"
51,Theta NetworkTHETA,$1.40,"$1,400,824,154","$25,028,899","1,000,000,000 THETA"
52,MakerMKR,"$1,544.92","$1,364,174,248","$59,156,178","883,008 MKR"
53,ArweaveAR,$20.34,"$1,335,381,945","$66,231,267","65,652,466 AR"
54,CelestiaTIA,$6.21,"$1,317,244,068","$334,034,929","212,057,226 TIA"
55,Bitget TokenBGB,$0.9353,"$1,309,426,283","$29,438,884","1,400,000,000 BGB"
56,FLOKIFLOKI,$0.0001341,"$1,286,338,637","$235,164,712","9,591,031,185,394 FLOKI"
57,BonkBONK,$0.00001752,"$1,235,174,146","$137,870,318","70,507,042,294,105 BONK"
58,PolygonMATIC,$0.3976,"$1,192,653,600","$41,064,394","2,999,660,164 MATIC"
59,SeiSEI,$0.3353,"$1,182,059,551","$278,777,884","3,524,861,111 SEI"
60,HeliumHNT,$7.19,"$1,156,416,413","$22,862,149","160,875,442 HNT"
61,Pyth NetworkPYTH,$0.3145,"$1,139,896,727","$51,014,561","3,624,988,786 PYTH"
62,JupiterJUP,$0.8059,"$1,088,028,715","$99,330,721","1,350,000,000 JUP"
63,AlgorandALGO,$0.1315,"$1,085,388,413","$32,847,846","8,252,087,339 ALGO"
64,JasmyCoinJASMY,$0.02085,"$1,028,053,339","$79,853,354","49,299,999,677 JASMY"
65,Bitcoin SVBSV,$48.48,"$957,811,333","$37,951,846","19,758,734 BSV"
66,Lido DAOLDO,$1.04,"$932,690,890","$85,425,907","895,274,521 LDO"
67,MANTRAOM,$1.10,"$929,277,667","$21,840,450","842,499,555 OM"
68,OndoONDO,$0.6535,"$908,174,344","$432,539,446","1,389,759,838 ONDO"
69,CoreCORE,$0.9857,"$897,421,847","$43,658,274","910,476,050 CORE"
70,QuantQNT,$73.84,"$891,510,892","$14,217,915","12,072,738 QNT"
71,Popcat (SOL)POPCAT,$0.9009,"$882,894,838","$202,885,124","979,973,185 POPCAT"
72,KuCoin TokenKCS,$7.44,"$877,312,040","$3,013,917","117,906,971 KCS"
73,FlowFLOW,$0.5666,"$868,638,635","$30,434,842","1,533,206,949 FLOW"
74,BitTorrent [New]BTT,$0.068949,"$866,465,469","$25,058,193","968,246,428,571,000 BTT"
75,BeamBEAM,$0.01707,"$844,468,100","$27,373,291","49,466,004,168 BEAM"
76,Brett (Based)BRETT,$0.08227,"$815,328,748","$26,334,198","9,910,236,395 BRETT"
77,NotcoinNOT,$0.007774,"$796,675,232","$156,499,583","102,474,422,639 NOT"
78,Nervos NetworkCKB,$0.01765,"$793,846,243","$304,234,866","44,965,946,305 CKB"
79,EOSEOS,$0.5027,"$761,953,445","$83,065,983","1,515,647,664 EOS"
80,GateTokenGT,$8.32,"$757,370,320","$1,805,434","90,988,266 GT"
81,MultiversXEGLD,$27.39,"$748,814,463","$19,690,363","27,334,026 EGLD"
82,Axie InfinityAXS,$4.91,"$735,438,338","$24,020,930","149,829,454 AXS"
83,FlareFLR,$0.01515,"$733,178,555","$4,944,369","48,380,207,166 FLR"
84,USDDUSDD,$0.9983,"$731,391,949","$3,222,671","732,609,033 USDD"
85,WorldcoinWLD,$1.62,"$733,453,892","$159,939,030","451,268,226 WLD"
86,PayPal USDPYUSD,$0.9995,"$721,837,847","$42,071,053","722,178,585 PYUSD"
87,StarknetSTRK,$0.3965,"$705,628,201","$77,959,991","1,779,797,783 STRK"
88,NeoNEO,$9.70,"$683,882,473","$28,894,954","70,538,831 NEO"
89,TezosXTZ,$0.6744,"$675,129,510","$15,478,135","1,001,111,865 XTZ"
90,ORDIORDI,$32.16,"$675,302,265","$169,056,387","21,000,000 ORDI"
91,GalaGALA,$0.01926,"$668,030,719","$93,607,976","34,687,354,668 GALA"
92,Akash NetworkAKT,$2.67,"$663,022,829","$20,017,248","248,285,795 AKT"
93,ConfluxCFX,$0.1483,"$657,155,796","$30,551,975","4,432,044,372 CFX"
94,eCashXEC,$0.00003241,"$640,389,132","$13,289,320","19,759,010,923,090 XEC"
95,Tether GoldXAUt,"$2,582.48","$636,643,647","$3,882,955","246,524 XAUt"
96,The SandboxSAND,$0.2668,"$623,336,232","$54,033,650","2,336,232,126 SAND"
97,SATS1000SATS,$0.0002957,"$621,039,428","$158,241,701","2,100,000,000,000 1000SATS"
98,dYdX (Native)DYDX,$0.9458,"$601,468,087","$37,744,333","635,917,433 DYDX"
99,WormholeW,$0.2329,"$600,349,712","$51,150,750","2,577,873,594 W"
100,Ethereum Name ServiceENS,$17.70,"$585,409,715","$72,107,887","33,065,239 ENS"
101,NexoNEXO,$1.01,"$564,087,039","$5,152,903","560,000,011 NEXO"
102,BinaryXBNX,$1.49,"$557,860,430","$12,161,866","373,881,030 BNX"
103,DecentralandMANA,$0.2908,"$554,853,924","$36,482,445","1,908,319,865 MANA"
104,RoninRON,$1.57,"$546,981,181","$9,543,084","348,947,733 RON"
105,PendlePENDLE,$3.43,"$543,892,826","$84,803,857","158,462,547 PENDLE"
106,MinaMINA,$0.4657,"$539,833,235","$34,769,972","1,159,127,207 MINA"
107,ZcashZEC,$31.46,"$513,691,077","$70,156,477","16,328,269 ZEC"
108,KlaytnKLAY,$0.1347,"$512,248,611","$12,947,511","3,803,678,792 KLAY"
109,ChilizCHZ,$0.05551,"$504,387,176","$33,330,259","9,085,685,432 CHZ"
110,DOGSDOGS,$0.0009702,"$501,339,786","$276,968,289","516,750,000,000 DOGS"
111,TrueUSDTUSD,$0.9989,"$495,070,429","$36,562,685","495,601,553 TUSD"
112,AIOZ NetworkAIOZ,$0.44,"$494,134,014","$7,226,711","1,123,015,886 AIOZ"
113,PAX GoldPAXG,"$2,584.43","$490,848,419","$15,905,459","189,925 PAXG"
114,Terra ClassicLUNC,$0.00008583,"$489,521,026","$20,155,421","5,703,588,849,749 LUNC"
115,PancakeSwapCAKE,$1.82,"$486,422,113","$28,505,163","267,316,473 CAKE"
116,SynthetixSNX,$1.48,"$486,013,196","$21,150,208","327,769,196 SNX"
117,DeXeDEXE,$8.42,"$480,733,728","$1,857,705","57,103,248 DEXE"
118,ApeCoinAPE,$0.7897,"$477,687,487","$60,165,722","604,895,833 APE"
119,LayerZeroZRO,$4.32,"$474,685,963","$193,864,388","110,000,000 ZRO"
120,EthenaENA,$0.2467,"$469,056,766","$67,293,760","1,901,562,500 ENA"
121,LivepeerLPT,$13.41,"$464,156,710","$23,254,118","34,623,920 LPT"
122,AstarASTR,$0.06453,"$463,796,874","$37,196,395","7,186,901,122 ASTR"
123,BOOK OF MEMEBOME,$0.006722,"$463,539,103","$153,774,184","68,961,762,701 BOME"
124,cat in a dogs worldMEW,$0.005131,"$456,087,413","$224,814,526","88,888,888,888 MEW"
125,IOTAIOTA,$0.1322,"$454,924,295","$9,473,293","3,440,020,224 IOTA"
126,zkSyncZK,$0.1225,"$450,036,577","$65,144,402","3,675,000,000 ZK"
127,OasisROSE,$0.06353,"$448,783,592","$23,902,843","7,064,132,681 ROSE"
128,SuperVerseSUPER,$0.9134,"$445,725,388","$51,558,580","487,976,093 SUPER"
129,AxelarAXL,$0.5613,"$441,579,898","$15,592,327","786,669,914 AXL"
130,FTX TokenFTT,$1.33,"$436,955,096","$9,610,718","328,895,104 FTT"
131,Mog CoinMOG,$0.051176,"$424,014,206","$33,127,182","360,447,686,344,656 MOG"
132,KavaKAVA,$0.3905,"$422,874,432","$169,507,993","1,082,854,736 KAVA"
133,XDC NetworkXDC,$0.02821,"$421,036,753","$3,983,756","14,925,295,691 XDC"
134,RaydiumRAY,$1.57,"$415,172,225","$16,738,470","263,783,501 RAY"
135,APENFTNFT,$0.06415,"$414,974,048","$26,492,700","999,990,000,000,000 NFT"
136,Theta FuelTFUEL,$0.0618,"$413,178,502","$10,245,262","6,685,736,881 TFUEL"
137,GnosisGNO,$156.48,"$405,223,969","$3,487,048","2,589,588 GNO"
138,Bitcoin GoldBTG,$22.93,"$401,547,249","$5,277,560","17,513,924 BTG"
139,MX TokenMX,$3.98,"$388,469,425","$26,125,779","97,699,334 MX"
140,CompoundCOMP,$44.12,"$387,529,315","$22,378,229","8,783,005 COMP"
141,BlurBLUR,$0.2041,"$384,495,117","$112,243,278","1,883,700,729 BLUR"
142,DymensionDYM,$1.89,"$384,204,556","$41,803,214","203,494,120 DYM"
143,IoTeXIOTX,$0.03946,"$372,574,511","$21,889,500","9,441,372,454 IOTX"
144,WEMIXWEMIX,$0.9042,"$371,392,322","$2,133,587","410,734,583 WEMIX"
145,SafePalSFP,$0.75,"$365,632,586","$5,993,599","487,500,000 SFP"
146,OsmosisOSMO,$0.5246,"$358,626,314","$13,207,287","683,556,426 OSMO"
147,Reserve RightsRSR,$0.006656,"$342,381,763","$34,162,726","51,438,764,433 RSR"
148,1inch Network1INCH,$0.2695,"$342,349,673","$44,184,307","1,270,402,833 1INCH"
149,SafeSAFE,$0.7342,"$340,503,766","$9,575,564","463,757,969 SAFE"
150,Curve DAO TokenCRV,$0.2841,"$340,228,068","$106,818,621","1,197,426,215 CRV"
151,Trust Wallet TokenTWT,$0.8106,"$337,718,015","$29,980,724","416,649,900 TWT"
152,AevoAEVO,$0.3829,"$333,587,638","$37,491,251","871,149,495 AEVO"
153,Baby Doge CoinBabyDoge,$0.082173,"$330,393,982","$82,358,684","152,015,561,755,830,144 BabyDoge"
154,Echelon PrimePRIME,$9.14,"$327,066,110","$6,077,821","35,773,841 PRIME"
155,KusamaKSM,$20.92,"$323,844,871","$15,999,064","15,481,790 KSM"
156,GMTGMT,$0.1303,"$320,504,174","$28,052,298","2,459,818,641 GMT"
157,WOOWOO,$0.174,"$317,310,148","$14,394,586","1,823,536,923 WOO"
158,ConstitutionDAOPEOPLE,$0.06263,"$316,916,397","$139,539,630","5,060,137,335 PEOPLE"
159,AmpAMP,$0.003899,"$314,756,518","$10,084,942","80,722,574,661 AMP"
160,HoloHOT,$0.001714,"$297,884,926","$11,470,096","173,841,360,398 HOT"
161,DashDASH,$24.87,"$297,299,906","$56,776,876","11,955,384 DASH"
162,GolemGLM,$0.2911,"$291,136,214","$11,109,853","1,000,000,000 GLM"
163,Manta NetworkMANTA,$0.7584,"$287,477,363","$33,044,386","379,044,831 MANTA"
164,JitoJTO,$2.22,"$281,373,890","$43,356,599","126,732,853 JTO"
165,MemecoinMEME,$0.01054,"$278,672,153","$30,217,353","26,444,870,862 MEME"
166,JUSTJST,$0.02809,"$278,060,783","$23,672,251","9,900,000,000 JST"
167,AnkrANKR,$0.02779,"$277,855,414","$18,649,765","10,000,000,000 ANKR"
168,TerraLUNA,$0.3953,"$276,932,796","$41,429,093","700,588,032 LUNA"
169,ZetaChainZETA,$0.6871,"$275,748,219","$356,425,399","401,333,333 ZETA"
170,CeloCELO,$0.5004,"$274,285,677","$27,249,985","548,116,086 CELO"
171,GravityG,$0.03761,"$271,991,408","$20,634,987","7,232,700,005 G"
172,Basic Attention TokenBAT,$0.1829,"$273,534,974","$10,130,641","1,495,658,357 BAT"
173,aelfELF,$0.3668,"$268,901,129","$10,288,896","733,089,816 ELF"
174,0x ProtocolZRX,$0.3124,"$265,055,874","$24,358,595","848,396,563 ZRX"
175,ZilliqaZIL,$0.01415,"$264,672,975","$16,203,282","18,704,789,775 ZIL"
176,io.netIO,$2.16,"$260,000,729","$104,964,499","120,286,834 IO"
177,Enjin CoinENJ,$0.1498,"$258,861,675","$15,199,312","1,728,271,070 ENJ"
178,AragonANT,$5.91,"$255,422,718","$992,794","43,191,531 ANT"
179,SiacoinSC,$0.004421,"$255,269,632","$4,624,704","57,740,391,700 SC"
180,ether.fiETHFI,$1.47,"$257,148,872","$68,331,401","174,948,880 ETHFI"
181,ssv.networkSSV,$22.23,"$254,486,078","$31,312,013","11,449,899 SSV"
182,ArkhamARKM,$1.12,"$252,651,951","$68,859,396","225,100,000 ARKM"
183,RavencoinRVN,$0.01751,"$250,371,279","$8,375,136","14,296,971,258 RVN"
184,Sun (New)SUN,$0.02512,"$250,033,428","$54,740,719","9,951,640,722 SUN"
185,SPACE IDID,$0.3645,"$248,097,058","$14,814,367","680,705,916 ID"
186,QtumQTUM,$2.34,"$246,837,492","$30,766,360","105,322,775 QTUM"
187,AltlayerALT,$0.1071,"$239,067,120","$117,618,890","2,232,474,196 ALT"
188,SagaSAGA,$2.36,"$240,733,098","$218,360,379","102,176,875 SAGA"
189,GMXGMX,$24.66,"$238,805,383","$12,399,133","9,682,250 GMX"
190,RadixXRD,$0.02146,"$226,374,751","$1,772,075","10,548,222,891 XRD"
191,ThresholdT,$0.02277,"$223,990,616","$7,209,951","9,836,969,967 T"
192,Mask NetworkMASK,$2.24,"$224,036,248","$32,077,032","100,000,000 MASK"
193,GasGAS,$3.43,"$223,074,948","$6,117,587","64,992,331 GAS"
194,FluxFLUX,$0.6135,"$216,693,507","$16,645,658","353,228,122 FLUX"
195,OriginTrailTRAC,$0.5224,"$215,412,351","$2,327,531","412,369,433 TRAC"
196,PolymeshPOLYX,$0.2394,"$212,215,211","$16,529,421","886,461,066 POLYX"
197,BlastBLAST,$0.01037,"$209,465,145","$55,248,786","20,193,817,921 BLAST"
198,Open CampusEDU,$0.632,"$208,473,255","$7,504,149","329,843,750 EDU"
199,dYdX (ethDYDX)ETHDYDX,$0.9455,"$208,171,155","$32,628,457","220,161,522 ETHDYDX"
200,Ethena USDeUSDe,$0.9991,"$2,591,261,269","$53,140,848","2,593,688,326 USDe"
201,FellazFLZ,$2.87,"$1,355,996,845","$9,514,958","471,874,940 FLZ"
202,ZeebuZBU,$4.76,"$1,231,429,122","$30,534,528","258,970,840 ZBU"
203,CheeleeCHEEL,$17.13,"$972,895,340","$6,927,092","56,797,262 CHEEL"
204,FasttokenFTN,$2.28,"$694,318,703","$249,087,830","304,850,250 FTN"
205,FraxFRAX,$0.9972,"$647,601,858","$2,956,273","649,434,271 FRAX"
206,Aerodrome FinanceAERO,$0.823,"$515,235,879","$46,121,902","626,047,930 AERO"
207,First Neiro On EthereumNEIRO,$0.0009099,"$381,960,151","$725,022,858","419,770,462,085 NEIRO"
208,BeldexBDX,$0.05443,"$363,577,652","$11,328,250","6,679,626,295 BDX"
209,PepeCoinPEPECOIN,$2.98,"$348,369,243","$4,995,940","117,031,933 PEPECOIN"
210,Ondo US Dollar YieldUSDY,$1.06,"$340,345,582","$146,843","322,119,848 USDY"
211,TurboTURBO,$0.005104,"$329,181,541","$108,372,554","64,490,000,000 TURBO"
212,SUNDOGSUNDOG,$0.3298,"$328,923,865","$173,648,531","997,478,411 SUNDOG"
213,FLEXFLEX,$3.30,"$325,641,952","$4,594","98,664,939 FLEX"
214,OrblerORBR,$0.3092,"$314,063,003","$57,561","1,015,586,750 ORBR"
215,IPVERSEIPV,$1.89,"$282,883,588","$124,008","150,001,000 IPV"
216,USDBUSDB,$1.00,"$259,854,106","$13,966,700","259,202,722 USDB"
217,AvailAVAIL,$0.1461,"$258,891,525","$4,735,187","1,772,520,745 AVAIL"
218,Dog (Runes)DOG,$0.002582,"$258,222,335","$6,342,830","100,000,000,000 DOG"
219,AethirATH,$0.05974,"$242,334,754","$64,672,299","4,056,713,543 ATH"
220,Rollbit CoinRLB,$0.08802,"$234,733,073","$2,923,494","2,666,952,570 RLB"
221,Simon's CatCAT,$0.0000347,"$234,228,929","$92,828,291","6,749,955,330,001 CAT"
222,TribeTRIBE,$0.4142,"$224,093,695","$7,931","541,087,234 TRIBE"
223,Meta Games CoinMGC,$0.2001,"$220,141,219","$24,596","1,099,999,700 MGC"
224,QubicQUBIC,$0.051866,"$210,040,487","$3,482,603","112,546,976,413,437 QUBIC"
225,Rocket PoolRPL,$10.02,"$207,575,889","$8,796,818","20,706,749 RPL"
226,DecredDCR,$12.64,"$206,370,653","$1,118,509","16,328,415 DCR"
227,Convex FinanceCVX,$2.07,"$204,019,832","$11,187,334","98,389,971 CVX"
228,MetisMETIS,$33.91,"$201,976,209","$8,407,942","5,956,334 METIS"
229,MimbleWimbleCoinMWC,$18.41,"$201,875,129","$3,273","10,963,993 MWC"
230,EthereumPoWETHW,$1.86,"$200,711,936","$5,347,489","107,818,999 ETHW"
231,Osaka ProtocolOSAK,$0.062651,"$199,073,397","$473,288","750,869,738,630,302 OSAK"
232,BiconomyBICO,$0.2306,"$195,786,329","$9,313,866","848,972,115 BICO"
233,SKALESKL,$0.03482,"$192,840,168","$25,436,248","5,538,894,337 SKL"
234,COTICOTI,$0.1097,"$188,553,878","$16,618,974","1,718,062,713 COTI"
235,IlluviumILV,$39.45,"$187,676,576","$10,442,788","4,757,104 ILV"
236,UMAUMA,$2.25,"$185,932,004","$26,934,719","82,590,724 UMA"
237,KadenaKDA,$0.643,"$186,183,520","$81,994,919","289,561,289 KDA"
238,HarmonyONE,$0.01298,"$183,861,987","$5,554,545","14,168,543,419 ONE"
239,Band ProtocolBAND,$1.19,"$179,548,938","$5,110,124","151,139,339 BAND"
240,PonkePONKE,$0.3222,"$179,012,474","$22,103,973","555,544,226 PONKE"
241,SolarSXP,$0.2825,"$174,433,055","$155,500,127","617,566,041 SXP"
242,SushiSwapSUSHI,$0.6661,"$173,958,130","$22,828,029","261,178,755 SUSHI"
243,ArcblockABT,$1.75,"$172,365,564","$2,059,276","98,554,305 ABT"
244,TellorTRB,$65.51,"$171,370,219","$42,098,413","2,615,996 TRB"
245,CentrifugeCFG,$0.3411,"$170,964,031","$1,006,882","501,141,082 CFG"
246,DriftDRIFT,$0.7525,"$170,552,549","$36,295,427","226,641,386 DRIFT"
247,LoopringLRC,$0.1245,"$170,154,527","$13,392,790","1,366,806,970 LRC"
248,GigachadGIGA,$0.01819,"$169,171,643","$4,097,863","9,302,411,888 GIGA"
249,yearn.financeYFI,"$4,990.82","$167,506,421","$14,089,815","33,563 YFI"
250,Destra NetworkDSYNC,$0.1728,"$167,143,506","$970,517","967,512,688 DSYNC"
251,ChromiaCHR,$0.2,"$166,373,991","$16,037,958","831,922,607 CHR"
252,TelcoinTEL,$0.001865,"$169,024,256","$1,503,969","90,649,420,414 TEL"
253,Yield Guild GamesYGG,$0.4354,"$166,134,782","$52,814,188","381,553,966 YGG"
254,PAAL AIPAAL,$0.201,"$164,738,674","$3,214,362","819,528,083 PAAL"
255,AudiusAUDIO,$0.1297,"$163,574,834","$7,229,541","1,260,762,231 AUDIO"
256,NEMXEM,$0.01812,"$163,079,642","$7,927,646","8,999,999,999 XEM"
257,BounceBitBB,$0.3584,"$163,355,311","$44,727,724","455,815,068 BB"
258,Vanar ChainVANRY,$0.1049,"$162,388,575","$11,978,278","1,548,356,743 VANRY"
259,OntologyONT,$0.1793,"$162,792,925","$5,998,991","907,697,857 ONT"
260,CreditcoinCTC,$0.4357,"$162,129,742","$6,725,397","372,085,684 CTC"
261,GominingGomining,$0.3861,"$160,904,974","$10,941,047","416,728,753 Gomining"
262,Alchemy PayACH,$0.01968,"$160,214,126","$10,943,159","8,140,572,240 ACH"
263,HivemapperHONEY,$0.06262,"$159,490,498","$660,128","2,546,824,563 HONEY"
264,VeThor TokenVTHO,$0.001959,"$158,216,201","$1,780,800","80,750,184,095 VTHO"
265,MoonbeamGLMR,$0.1754,"$158,274,896","$5,518,304","902,577,659 GLMR"
266,Frax ShareFXS,$1.94,"$157,412,840","$13,730,379","81,349,890 FXS"
267,StorjSTORJ,$0.4018,"$157,343,336","$35,918,258","391,571,610 STORJ"
268,Big TimeBIGTIME,$0.1443,"$157,370,397","$150,606,380","1,090,215,273 BIGTIME"
269,PixelsPIXEL,$0.142,"$153,517,184","$47,255,920","1,080,998,337 PIXEL"
270,AlephiumALPH,$1.75,"$152,861,526","$1,640,933","87,343,505 ALPH"
271,ChiaXCH,$13.73,"$150,972,244","$5,804,305","10,998,344 XCH"
272,SwissBorgBORG,$0.1524,"$149,924,171","$1,089,490","983,729,858 BORG"
273,USDJUSDJ,$1.12,"$145,079,669","$154,679","129,004,664 USDJ"
274,ZignalyZIG,$0.1004,"$143,909,113","$7,100,601","1,433,308,739 ZIG"
275,CasperCSPR,$0.01163,"$143,145,040","$4,289,406","12,311,273,565 CSPR"
276,ICONICX,$0.1394,"$141,913,850","$19,847,529","1,018,340,983 ICX"
277,TaikoTAIKO,$1.85,"$140,696,208","$204,418,780","76,032,579 TAIKO"
278,STASIS EUROEURS,$1.11,"$138,041,928","$1,139,520","124,125,940 EURS"
279,API3API3,$1.58,"$136,737,408","$9,700,470","86,421,978 API3"
280,ChintaiCHEX,$0.14,"$135,700,738","$519,176","969,210,617 CHEX"
281,Banana GunBANANA,$39.48,"$135,565,378","$64,905,066","3,433,532 BANANA"
282,H2O DAOH2O,$0.1639,"$135,185,561","$556,948","825,000,000 H2O"
283,VerusCoinVRSC,$1.74,"$134,228,835","$11,074","77,320,855 VRSC"
284,Merlin ChainMERL,$0.3244,"$134,621,397","$22,936,710","415,000,000 MERL"
285,XaiXAI,$0.2024,"$133,479,474","$26,898,756","659,583,763 XAI"
286,JOEJOE,$0.3623,"$130,806,143","$9,013,703","361,075,252 JOE"
287,MobileCoinMOB,$0.6553,"$130,429,740","$35,878","199,037,308 MOB"
288,HorizenZEN,$8.36,"$129,127,771","$6,783,754","15,448,356 ZEN"
289,Ozone ChainOZO,$0.2364,"$128,368,544","$237,673","543,099,975 OZO"
290,0x0.ai0x0,$0.144,"$125,086,708","$298,116","868,563,455 0x0"
291,Bitkub CoinKUB,$1.81,"$124,797,053","$929,336","68,974,776 KUB"
292,NanoXNO,$0.9347,"$124,541,154","$1,932,129","133,248,297 XNO"
293,WavesWAVES,$1.07,"$123,235,702","$14,612,646","115,698,664 WAVES"
294,TrueFiTRU,$0.1039,"$122,436,220","$23,027,650","1,178,862,810 TRU"
295,WHYWHY,$0.062905,"$121,990,496","$7,691,692","420,000,000,000,000 WHY"
296,Metars GenesisMRS,$1.45,"$122,147,099","$108,164","84,235,303 MRS"
297,LiskLSK,$0.8384,"$121,940,677","$6,569,729","145,444,085 LSK"
298,RSS3RSS3,$0.1227,"$121,135,973","$5,434,850","987,525,011 RSS3"
299,VenusXVS,$7.34,"$119,398,766","$5,097,904","16,259,661 XVS"
300,DelysiumAGI,$0.1277,"$118,490,329","$5,949,215","927,527,157 AGI"
301,DigiByteDGB,$0.006817,"$117,651,053","$2,338,544","17,258,175,672 DGB"
302,VeloVELO,$0.01595,"$117,872,974","$17,025,691","7,390,475,595 VELO"
303,BitMart TokenBMX,$0.3613,"$117,162,625","$909,438","324,281,616 BMX"
304,UXLINKUXLINK,$0.685,"$116,443,655","$822,694,797","170,000,000 UXLINK"
305,Non-Playable CoinNPC,$0.01594,"$115,570,996","$4,029,672","7,248,766,332 NPC"
306,Neiro EthereumNEIRO,$0.114,"$114,048,388","$98,588,381","1,000,000,000 NEIRO"
307,iExec RLCRLC,$1.57,"$113,683,789","$4,126,426","72,382,548 RLC"
308,BalancerBAL,$1.90,"$113,585,152","$6,046,728","59,788,969 BAL"
309,OasysOAS,$0.03965,"$112,405,561","$3,659,857","2,835,205,091 OAS"
310,VVS FinanceVVS,$0.052398,"$112,138,010","$171,374","46,740,271,667,507 VVS"
311,CartesiCTSI,$0.1345,"$111,854,085","$5,779,625","831,568,864 CTSI"
312,WAXWAXP,$0.03195,"$111,763,876","$8,145,802","3,497,696,576 WAXP"
313,Ontology GasONG,$0.2846,"$111,172,210","$4,758,044","390,692,006 ONG"
314,NeutronNTRN,$0.3968,"$111,109,924","$5,915,693","280,017,290 NTRN"
315,CivicCVC,$0.1109,"$110,888,190","$10,172,101","1,000,000,000 CVC"
316,MetaplexMPLX,$0.3002,"$110,123,660","$1,178,420","366,869,435 MPLX"
317,PropyPRO,$1.09,"$109,431,841","$3,059,916","100,000,000 PRO"
318,NumeraireNMR,$14.86,"$108,915,027","$4,922,882","7,330,775 NMR"
319,ZentryZENT,$0.01849,"$108,311,429","$4,681,556","5,859,178,794 ZENT"
320,MarlinPOND,$0.01336,"$108,046,883","$3,987,589","8,087,375,977 POND"
321,IOSTIOST,$0.005044,"$107,520,234","$6,989,012","21,315,000,000 IOST"
322,EverscaleEVER,$0.0537,"$106,630,213","$834,375","1,985,523,482 EVER"
323,Aleph ZeroAZERO,$0.3991,"$106,464,862","$1,386,987","266,778,951 AZERO"
324,LCXLCX,$0.1381,"$106,568,971","$1,003,460","771,584,751 LCX"
325,DuskDUSK,$0.2297,"$106,641,389","$13,255,056","464,327,796 DUSK"
326,Vulcan Forged (PYR)PYR,$2.74,"$106,138,490","$4,291,956","38,775,397 PYR"
327,Tron BullBULL,$0.1121,"$106,481,522","$2,051,658","950,275,472 BULL"
328,Coq InuCOQ,$0.051527,"$105,970,750","$3,283,602","69,420,000,000,000 COQ"
329,Pax DollarUSDP,$1.00,"$105,227,624","$3,380,042","105,079,505 USDP"
330,PowerledgerPOWR,$0.2012,"$105,349,530","$11,329,057","523,707,335 POWR"
331,PaycoinPCI,$0.104,"$104,801,548","$1,043,260","1,007,831,650 PCI"
332,Coin98C98,$0.1272,"$105,343,063","$23,870,450","828,194,325 C98"
333,VenomVENOM,$0.1056,"$104,458,937","$1,505,261","988,919,270 VENOM"
334,inSure DeFiSURE,$0.003885,"$104,073,933","$409,523","26,790,063,175 SURE"
335,TerraClassicUSDUSTC,$0.01787,"$104,319,956","$7,675,907","5,838,379,712 USTC"
336,Keep NetworkKEEP,$0.109,"$103,736,946","$20,117","951,288,991 KEEP"
337,Pundi X (New)PUNDIX,$0.3985,"$103,001,941","$6,355,268","258,491,637 PUNDIX"
338,Smooth Love PotionSLP,$0.002486,"$102,555,087","$7,611,544","41,252,847,956 SLP"
339,Matr1x FireFIRE,$1.60,"$100,515,147","$3,675,681","62,978,482 FIRE"
340,PromPROM,$5.49,"$100,104,783","$1,893,361","18,250,000 PROM"
341,Tokenlon Network TokenLON,$0.8655,"$99,715,581","$412,741","115,205,852 LON"
342,OrcaORCA,$1.90,"$99,660,496","$2,262,284","52,548,703 ORCA"
343,Bounce TokenAUCTION,$15.36,"$99,858,440","$31,531,985","6,500,057 AUCTION"
344,UltimaULTIMA,"$6,495.89","$99,640,453","$7,176,919","15,339 ULTIMA"
345,CyberCYBER,$3.68,"$99,326,496","$20,901,315","27,007,517 CYBER"
346,HarryPotterObamaSonic10Inu (ERC-20)BITCOIN,$0.09869,"$98,673,396","$3,133,595","999,798,155 BITCOIN"
347,IQIQ,$0.005199,"$98,333,652","$4,122,847","18,912,501,356 IQ"
348,NosanaNOS,$2.03,"$98,014,212","$2,157,412","48,197,665 NOS"
349,World Mobile TokenWMT,$0.1984,"$97,595,871","$862,715","491,838,755 WMT"
350,Bone ShibaSwapBONE,$0.4248,"$97,672,698","$4,216,225","229,923,351 BONE"
351,Mines of DalarniaDAR,$0.1584,"$97,590,911","$11,273,086","616,074,813 DAR"
352,Helium MobileMOBILE,$0.001122,"$97,453,330","$1,955,245","86,818,948,289 MOBILE"
353,TreasureMAGIC,$0.3652,"$97,455,432","$16,750,297","266,830,950 MAGIC"
354,ANDY (ETH)ANDY,$0.00009805,"$98,051,331","$3,227,232","1,000,000,000,000 ANDY"
355,Sleepless AIAI,$0.4456,"$96,909,961","$27,521,232","217,500,000 AI"
356,TelosTLOS,$0.2557,"$96,019,498","$19,303,064","375,573,675 TLOS"
357,SuperRareRARE,$0.1331,"$95,611,101","$22,924,114","718,127,781 RARE"
358,AI Analysis TokenAIAT,$0.6525,"$95,518,859","$356,063","146,389,462 AIAT"
359,HiveHIVE,$0.1898,"$95,060,548","$7,461,376","500,749,243 HIVE"
360,Stratis [New]STRAX,$0.04794,"$94,279,571","$5,578,039","1,966,651,183 STRAX"
361,Celer NetworkCELR,$0.01219,"$94,367,166","$2,834,807","7,743,424,107 CELR"
362,HighstreetHIGH,$1.38,"$94,252,237","$11,331,160","68,344,138 HIGH"
363,BraintrustBTRST,$0.4011,"$93,865,023","$181,255","234,044,807 BTRST"
364,MCOINMCOIN,$0.5311,"$94,011,456","$3,308,826","177,000,000 MCOIN"
365,Rootstock Infrastructure FrameworkRIF,$0.09375,"$93,746,540","$3,675,142","1,000,000,000 RIF"
366,Kyber Network Crystal v2KNC,$0.5019,"$93,293,973","$87,977,951","185,865,098 KNC"
367,MAGATRUMP,$2.11,"$92,677,938","$1,041,485","43,997,357 TRUMP"
368,MoonriverMOVR,$10.15,"$92,540,673","$6,761,059","9,115,910 MOVR"
369,Mumu the BullMUMU,$0.00004054,"$92,555,108","$4,539,468","2,283,204,416,985 MUMU"
370,MVLMVL,$0.003607,"$91,634,243","$4,715,970","25,402,958,863 MVL"
371,Zebec NetworkZBCN,$0.001459,"$91,570,573","$14,584,168","62,743,381,097 ZBCN"
372,Apu ApustajaAPU,$0.000287,"$91,640,978","$9,087,552","319,346,511,349 APU"
373,STPSTPT,$0.04661,"$90,539,453","$22,580,924","1,942,420,283 STPT"
374,ReefREEF,$0.003974,"$90,696,684","$73,567,787","22,821,409,581 REEF"
375,Dione ProtocolDIONE,$0.00932,"$90,492,974","$482,734","9,710,040,531 DIONE"
376,BORABORA,$0.08974,"$89,597,613","$21,925,011","998,397,752 BORA"
377,WINkLinkWIN,$0.00008964,"$89,074,311","$23,156,007","993,701,859,243 WIN"
378,UPCXUPC,$1.84,"$89,043,862","$2,095,805","48,396,439 UPC"
379,FusionistACE,$2.39,"$89,122,433","$16,365,065","37,356,687 ACE"
380,SymbolXYM,$0.01447,"$88,091,388","$338,652","6,085,893,827 XYM"
381,StatusSNT,$0.02257,"$88,095,455","$3,231,245","3,903,090,283 SNT"
382,SynapseSYN,$0.4722,"$87,992,075","$6,600,046","186,356,585 SYN"
383,DODODODO,$0.1222,"$88,659,339","$20,736,907","725,703,404 DODO"
384,LiquityLQTY,$0.938,"$87,711,945","$34,577,500","93,513,988 LQTY"
385,Crown by Third Time GamesCROWN,$0.4592,"$87,535,247","$592,371","190,615,863 CROWN"
386,Solidus Ai TechAITECH,$0.08523,"$86,551,346","$4,224,119","1,015,499,807 AITECH"
387,Radiant CapitalRDNT,$0.07703,"$86,722,945","$21,405,603","1,125,856,214 RDNT"
388,DentDENT,$0.0008577,"$85,769,863","$3,703,200","100,000,000,000 DENT"
389,USDX [Kava]USDX,$0.7874,"$87,848,799","$228,194","111,567,264 USDX"
390,SyscoinSYS,$0.1077,"$85,372,377","$4,620,470","792,569,633 SYS"
391,dKargoDKA,$0.01973,"$84,423,813","$3,134,789","4,279,583,333 DKA"
392,Nakamoto GamesNAKA,$0.9281,"$83,960,148","$40,614,331","90,463,652 NAKA"
393,Phala NetworkPHA,$0.1118,"$83,943,196","$7,640,502","751,023,621 PHA"
394,MiL.kMLK,$0.2165,"$83,747,955","$6,068,665","386,773,422 MLK"
395,SmarDexSDEX,$0.009626,"$83,219,759","$1,005,055","8,645,586,391 SDEX"
396,PortalPORTAL,$0.2954,"$83,441,785","$15,538,853","282,444,034 PORTAL"
397,Spell TokenSPELL,$0.0005575,"$82,993,698","$4,987,303","148,857,870,971 SPELL"
398,Omni NetworkOMNI,$9.05,"$82,807,442","$32,292,731","9,150,598 OMNI"
399,SteemSTEEM,$0.1749,"$82,511,692","$23,314,130","471,792,229 STEEM"
400,SteemSTEEM,$0.1752,"$82,659,796","$23,314,043","471,792,229 STEEM"
401,Covalent X TokenCXT,$0.09544,"$82,161,412","$5,042,455","860,901,607 CXT"
402,RequestREQ,$0.1063,"$81,706,245","$1,046,153","768,684,253 REQ"
403,Maverick ProtocolMAV,$0.2152,"$81,647,586","$6,563,142","379,378,357 MAV"
404,NetMind TokenNMT,$2.41,"$80,762,310","$7,320,895","33,450,208 NMT"
405,ClearpoolCPOOL,$0.1323,"$80,225,606","$1,036,278","606,598,945 CPOOL"
406,Hooked ProtocolHOOK,$0.4296,"$80,195,842","$15,385,637","186,660,920 HOOK"
407,Islamic CoinISLM,$0.07166,"$78,650,814","$3,595,089","1,097,572,819 ISLM"
408,michi (SOL)$MICHI,$0.1399,"$77,734,380","$11,809,470","555,769,425 $MICHI"
409,MapleMPL,$17.68,"$78,091,285","$2,893,554","4,417,986 MPL"
410,OraichainORAI,$5.65,"$78,082,027","$1,965,376","13,823,700 ORAI"
411,SLERFSLERF,$0.1558,"$77,895,979","$28,839,315","499,997,750 SLERF"
412,ANyONe ProtocolANYONE,$0.8704,"$77,690,312","$867,326","89,254,305 ANYONE"
413,Polyhedra NetworkZKJ,$1.16,"$77,684,278","$6,878,033","67,139,540 ZKJ"
414,Gemini DollarGUSD,$1.00,"$77,444,107","$662,589","77,288,527 GUSD"
415,BazaarsBZR,$6.63,"$77,344,890","$200,462","11,672,346 BZR"
416,Node AIGPU,$0.811,"$77,104,911","$1,240,630","95,069,916 GPU"
417,Undeads GamesUDS,$1.67,"$76,239,489","$745,284","45,664,868 UDS"
418,MediBlocMED,$0.00843,"$76,168,744","$1,133,319","9,035,880,692 MED"
419,OrbsORBS,$0.02402,"$76,080,389","$5,689,566","3,167,720,359 ORBS"
420,GoldfinchGFI,$2.61,"$76,028,848","$1,591,856","29,135,286 GFI"
421,BakeryTokenBAKE,$0.2609,"$75,607,993","$12,010,395","289,770,512 BAKE"
422,ShentuCTK,$0.5425,"$74,938,489","$10,161,887","138,137,136 CTK"
423,OrchidOXT,$0.07599,"$74,455,807","$3,012,358","979,779,108 OXT"
424,Gains NetworkGNS,$2.22,"$74,159,867","$4,160,109","33,440,832 GNS"
425,StormXSTMX,$0.00614,"$73,883,680","$10,508,141","12,033,419,760 STMX"
426,MyroMYRO,$0.07802,"$73,665,761","$16,825,812","944,203,815 MYRO"
427,ChainGPTCGPT,$0.1299,"$72,604,188","$4,981,653","558,942,152 CGPT"
428,Dogelon MarsELON,$0.061319,"$72,581,542","$1,603,870","549,652,770,159,583 ELON"
429,LeverFiLEVER,$0.002147,"$71,469,748","$7,651,612","33,293,574,392 LEVER"
430,MyNeighborAliceALICE,$1.05,"$71,341,608","$11,861,545","67,913,333 ALICE"
431,EulerEUL,$4.49,"$71,000,958","$1,108,556","15,796,929 EUL"
432,XPLAXPLA,$0.104,"$70,890,731","$394,574","681,391,833 XPLA"
433,TectumTET,$9.42,"$70,882,212","$1,253,344","7,524,857 TET"
434,BENQIQI,$0.01446,"$70,763,802","$4,102,091","4,893,051,316 QI"
435,Milady Meme CoinLADYS,$0.079616,"$70,622,491","$5,420,376","734,366,023,232,083 LADYS"
436,ZanoZANO,$5.24,"$70,377,376","$560,460","13,431,787 ZANO"
437,Seedify.fundSFUND,$1.13,"$70,237,318","$2,914,710","62,109,652 SFUND"
438,PepeForkPORK,$0.061661,"$69,867,639","$2,016,302","420,690,000,000,000 PORK"
439,Wilder WorldWILD,$0.2678,"$69,714,834","$596,226","260,345,943 WILD"
440,BUSDBUSD,$1.00,"$69,624,644","$5,470,018","69,511,448 BUSD"
441,CUDOSCUDOS,$0.01014,"$69,297,510","$1,359,883","6,834,950,141 CUDOS"
442,Adventure GoldAGLD,$0.8946,"$69,158,197","$7,480,560","77,310,001 AGLD"
443,HashflowHFT,$0.1536,"$69,019,122","$6,764,129","449,395,817 HFT"
444,PhoenixPHB,$1.34,"$68,892,285","$9,434,953","51,553,524 PHB"
445,Lista DAOLISTA,$0.3756,"$68,881,855","$17,919,734","183,376,304 LISTA"
446,WenWEN,$0.00009371,"$68,191,098","$7,891,755","727,716,951,329 WEN"
447,Velodrome FinanceVELO,$0.08417,"$68,065,524","$3,711,049","808,696,638 VELO"
448,Acala TokenACA,$0.06294,"$67,976,871","$5,720,210","1,079,999,995 ACA"
449,Stargate FinanceSTG,$0.3319,"$67,816,902","$23,174,586","204,338,417 STG"
450,ArdorARDR,$0.06787,"$67,798,693","$8,155,413","998,999,495 ARDR"
451,Pocket NetworkPOKT,$0.04126,"$67,640,900","$1,650,870","1,639,345,851 POKT"
452,NFPromptNFP,$0.2292,"$67,121,130","$11,502,432","292,859,589 NFP"
453,Toko TokenTKO,$0.3964,"$67,076,976","$4,874,530","169,197,990 TKO"
454,AuroraAURORA,$0.1288,"$66,570,939","$582,110","516,726,725 AURORA"
455,ApeX ProtocolAPEX,$1.38,"$66,419,491","$51,740,746","48,120,983 APEX"
456,RenzoREZ,$0.04039,"$66,057,661","$24,971,497","1,635,293,543 REZ"
457,Liquity USDLUSD,$1.01,"$65,910,060","$102,747","65,542,998 LUSD"
458,ARPAARPA,$0.04281,"$65,049,261","$12,528,549","1,519,586,598 ARPA"
459,LUKSOLYX,$2.13,"$65,110,025","$697,319","30,535,907 LYX"
460,VergeXVG,$0.003887,"$64,226,590","$2,276,206","16,521,951,236 XVG"
461,Metal DAOMTL,$0.9685,"$64,489,951","$5,311,889","66,588,888 MTL"
462,Shadow TokenSHDW,$0.3949,"$63,733,534","$484,484","161,388,344 SHDW"
463,Hifi FinanceHIFI,$0.4611,"$63,740,306","$7,352,506","138,236,595 HIFI"
464,Anchored Coins AEURAEUR,$1.11,"$63,402,911","$2,289,021","57,009,605 AEUR"
465,EURCEURC,$1.11,"$63,013,574","$15,223,880","56,579,649 EURC"
466,QuarkChainQKC,$0.008993,"$63,292,158","$4,470,868","7,037,573,071 QKC"
467,BancorBNT,$0.4992,"$62,373,769","$3,546,818","124,939,310 BNT"
468,NYMNYM,$0.0779,"$62,251,924","$1,046,100","799,094,394 NYM"
469,PeiPei (ETH)PEIPEI,$0.061529,"$62,872,830","$5,806,473","411,156,343,662,800 PEIPEI"
470,Clash of LilliputCOL,$0.7561,"$62,057,749","$101,610","82,074,400 COL"
471,XYOXYO,$0.004579,"$61,715,547","$432,426","13,476,747,692 XYO"
472,ALEX LabALEX,$0.1013,"$61,412,813","$874,057","606,489,877 ALEX"
473,ArkARK,$0.3329,"$61,107,158","$10,061,345","183,538,822 ARK"
474,StaikaSTIK,$2.12,"$61,041,462","$493,952","28,807,734 STIK"
475,KWDKWD,$0.5697,"$60,970,775",,"107,024,222 KWD"
476,Origin ProtocolOGN,$0.09083,"$60,691,090","$8,185,945","668,171,043 OGN"
477,CoinEx TokenCET,$0.0855,"$60,686,628","$344,274","708,633,582 CET"
478,Decentralized SocialDESO,$6.79,"$60,364,506","$652,081","8,884,536 DESO"
479,SecretSCRT,$0.2094,"$60,566,384","$2,055,877","289,232,954 SCRT"
480,BluzelleBLZ,$0.1391,"$60,554,322","$27,955,057","435,258,234 BLZ"
481,Gods UnchainedGODS,$0.1904,"$60,423,342","$1,369,739","317,361,112 GODS"
482,TokenFiTOKEN,$0.06059,"$60,592,711","$18,819,158","1,000,019,789 TOKEN"
483,Badger DAOBADGER,$2.98,"$60,411,122","$6,721,884","20,282,490 BADGER"
484,ConstellationDAG,$0.02098,"$60,296,911","$1,545,505","2,873,448,318 DAG"
485,Venus BUSDvBUSD,$0.02234,"$60,204,080",,"2,694,770,470 vBUSD"
486,ShibaBitcoinSHIBTC,$0.6955,"$60,131,307","$1,710,760","86,461,076 SHIBTC"
487,Loom NetworkLOOM,$0.04846,"$60,053,098","$10,296,824","1,239,270,898 LOOM"
488,ArchLootAL,$0.1203,"$59,535,170","$2,409,699","494,853,534 AL"
489,MOBOXMBOX,$0.1519,"$59,703,857","$18,116,590","393,041,341 MBOX"
490,LimeWireLMWR,$0.2009,"$59,464,384","$4,281,051","295,982,476 LMWR"
491,Mother IggyMOTHER,$0.06058,"$59,744,147","$14,536,755","986,143,154 MOTHER"
492,Artificial Liquid IntelligenceALI,$0.009589,"$59,254,632","$1,057,772","6,179,259,839 ALI"
493,RACARACA,$0.0001578,"$58,966,827","$6,668,534","373,653,438,437 RACA"
494,Amaterasu OmikamiOMIKAMI,$0.06224,"$58,936,818","$734,535","946,976,011 OMIKAMI"
495,LTO NetworkLTO,$0.1364,"$58,926,617","$4,221,110","431,903,596 LTO"
496,PangolinPNG,$0.265,"$57,867,659","$562,978","218,373,971 PNG"
497,RadworksRAD,$1.11,"$57,554,919","$5,016,654","51,763,430 RAD"
498,MyriaMYRIA,$0.002507,"$56,931,806","$2,185,365","22,710,480,813 MYRIA"
499,Solana Name ServiceFIDA,$0.4112,"$56,777,180","$163,335,614","138,083,022 FIDA"
500,MyriaMYRIA,$0.002497,"$56,705,515","$2,184,066","22,710,480,813 MYRIA"
501,NKNNKN,$0.07256,"$56,498,487","$4,446,168","778,662,382 NKN"
502,Verum CoinVERUM,$604.09,"$56,424,784","$899,824","93,405 VERUM"
503,GameBuildGAME,$0.003536,"$55,792,731","$6,130,047","15,776,762,231 GAME"
504,Access ProtocolACS,$0.001563,"$55,663,125","$1,476,217","35,615,804,616 ACS"
505,ErgoERG,$0.7162,"$55,523,275","$297,247","77,522,748 ERG"
506,Function XFX,$0.1354,"$55,297,604","$1,003,697","408,520,357 FX"
507,HippocratHPO,$0.0533,"$55,156,024","$3,466,107","1,034,734,273 HPO"
508,DAO MakerDAO,$0.2844,"$54,817,751","$2,473,061","192,738,890 DAO"
509,StellaALPHA,$0.0609,"$54,562,272","$4,900,466","896,000,000 ALPHA"
510,Wirex TokenWXT,$0.005447,"$54,468,530","$1,037,182","10,000,000,000 WXT"
511,MANEKIMANEKI,$0.006444,"$54,277,945","$13,933,670","8,422,887,212 MANEKI"
512,BifrostBFC,$0.03909,"$54,209,371","$345,489","1,386,638,564 BFC"
513,MAP ProtocolMAPO,$0.01039,"$53,134,425","$3,214,085","5,112,545,126 MAPO"
514,Kendu InuKENDU,$0.00005633,"$53,422,728","$801,430","948,428,147,258 KENDU"
515,GitcoinGTC,$0.6517,"$53,052,894","$5,165,796","81,404,586 GTC"
516,MARBLEXMBX,$0.3787,"$52,922,439","$1,308,285","139,738,471 MBX"
517,PlatONLAT,$0.008797,"$52,754,433","$5,760,337","5,997,005,555 LAT"
518,UnizenZCX,$0.07583,"$52,417,727","$8,927,726","691,265,502 ZCX"
519,FortaFORT,$0.1222,"$52,059,086","$371,677","425,900,172 FORT"
520,Sweat EconomySWEAT,$0.007219,"$51,844,712","$3,955,894","7,181,489,452 SWEAT"
521,SnekSNEK,$0.0006992,"$51,205,209","$661,423","73,235,343,051 SNEK"
522,Alien WorldsTLM,$0.01107,"$51,159,288","$7,472,491","4,623,395,503 TLM"
523,Bitcoin PalladiumBTCP,$20.43,"$50,603,754",,"2,476,893 BTCP"
524,WazirXWRX,$0.1327,"$50,677,741","$715,014","381,856,872 WRX"
525,Heroes of MaviaMAVIA,$1.53,"$50,522,775","$10,838,762","33,062,882 MAVIA"
526,smARTOFGIVINGAOG,$0.6821,"$50,325,103",,"73,780,484 AOG"
527,AlkimiADS,$0.2111,"$50,021,620","$253,209","236,991,084 ADS"
528,OctaSpaceOCTA,$1.57,"$49,917,673","$616,564","31,843,011 OCTA"
529,ArbDoge AIAIDOGE,$0.092845,"$49,638,105","$7,951,714","174,455,896,934,211,008 AIDOGE"
530,REI NetworkREI,$0.05232,"$49,700,607","$4,295,375","950,000,000 REI"
531,Automata NetworkATA,$0.09221,"$49,600,751","$2,248,685","537,900,979 ATA"
532,GamerCoinGHX,$0.07562,"$49,148,173","$1,131,201","649,965,123 GHX"
533,MetacraftMCT,$0.9301,"$48,978,863","$2,055","52,661,120 MCT"
534,Ribbon FinanceRBN,$0.3845,"$48,556,965","$1,450,819","126,291,579 RBN"
535,DegenDEGEN,$0.003396,"$48,153,878","$8,581,217","14,179,608,879 DEGEN"
536,Lift DollarUSDL,$0.9999,"$48,071,258",,"48,073,182 USDL"
537,MovieBlocMBL,$0.002661,"$47,630,697","$3,897,257","17,901,887,215 MBL"
538,PolymathPOLY,$0.05141,"$47,554,559","$8,075","924,998,413 POLY"
539,MetadiumMETA,$0.02617,"$47,235,535","$1,482,896","1,804,764,957 META"
540,Cobak TokenCBK,$0.5404,"$47,013,508","$2,229,936","87,005,537 CBK"
541,Ethernity ChainERN,$2.12,"$46,908,526","$2,265,601","22,097,703 ERN"
542,TensorTNSR,$0.3754,"$46,920,819","$18,593,278","125,000,000 TNSR"
543,Tokamak NetworkTON,$1.06,"$46,632,576","$1,314,539","43,841,454 TON"
544,Locus ChainLOCUS,$0.0222,"$46,199,441","$219,242","2,081,062,787 LOCUS"
545,ViciCoinVCNT,$20.22,"$46,095,418","$412,169","2,279,555 VCNT"
546,Uquid CoinUQC,$4.60,"$45,968,946","$577,902","10,000,000 UQC"
547,ORIGYNOGY,$0.005841,"$45,730,176","$202,227","7,828,640,875 OGY"
548,OMG NetworkOMG,$0.3244,"$45,491,267","$24,651,636","140,245,398 OMG"
549,Star Atlas DAOPOLIS,$0.1729,"$45,320,899","$450,836","262,062,983 POLIS"
550,AavegotchiGHST,$0.8569,"$45,200,526","$3,010,336","52,747,801 GHST"
551,GelatoGEL,$0.1833,"$45,191,697","$140,756","246,533,424 GEL"
552,BillyBILLY,$0.04879,"$45,669,694","$30,134,554","936,137,657 BILLY"
553,AergoAERGO,$0.101,"$44,931,454","$11,252,123","445,000,000 AERGO"
554,DimitraDMTR,$0.0923,"$44,905,359","$1,034,768","486,503,182 DMTR"
555,ElastosELA,$2.02,"$44,913,011","$517,347","22,269,366 ELA"
556,Ampleforth Governance TokenFORTH,$3.15,"$44,860,397","$1,235,447","14,263,553 FORTH"
557,KujiraKUJI,$0.3658,"$44,757,427","$371,800","122,349,807 KUJI"
558,Daddy TateDADDY,$0.07522,"$45,107,201","$2,993,027","599,688,329 DADDY"
559,KinKIN,$0.0000159,"$43,852,720","$175,462","2,757,861,681,637 KIN"
560,LooksRareLOOKS,$0.04338,"$43,380,650","$2,579,905","999,941,673 LOOKS"
561,ToshiTOSHI,$0.0001062,"$43,347,554","$1,506,079","408,069,300,000 TOSHI"
562,OrionORN,$1.27,"$43,195,196","$6,064,821","34,146,255 ORN"
563,CLVCLV,$0.04316,"$43,163,510","$6,270,022","1,000,000,000 CLV"
564,EnzymeMLN,$16.02,"$42,748,055","$4,616,044","2,667,636 MLN"
565,Tenset10SET,$0.3072,"$42,940,369","$593,972","139,773,555 10SET"
566,RETARDIORETARDIO,$0.04423,"$43,150,370","$1,808,691","975,671,265 RETARDIO"
567,HyperCycleHYPC,$0.275,"$42,666,097","$65,847","155,122,742 HYPC"
568,UltiverseULTI,$0.01892,"$42,389,505","$4,835,401","2,240,000,000 ULTI"
569,HashAIHASHAI,$0.0004986,"$42,160,419","$244,777","84,564,818,695 HASHAI"
570,Energy Web TokenEWT,$1.39,"$41,908,889","$1,432,712","30,062,138 EWT"
571,Perpetual ProtocolPERP,$0.6341,"$41,850,987","$6,180,074","66,002,157 PERP"
572,Matr1xMAX,$0.3208,"$41,874,129","$17,777,152","130,520,000 MAX"
573,VictionVIC,$0.4313,"$41,758,570","$5,341,726","96,830,754 VIC"
574,ShuffleSHFL,$0.2949,"$41,687,721","$1,117,043","141,356,190 SHFL"
575,Persistence OneXPRT,$0.1987,"$42,391,899","$389,300","213,368,953 XPRT"
576,RARIRARI,$1.75,"$41,734,529","$845,863","23,834,553 RARI"
577,Aleph.imALEPH,$0.1681,"$41,567,782","$815,156","247,220,482 ALEPH"
578,Bitget Wallet TokenBWB,$0.3077,"$41,518,816","$3,408,930","134,920,247 BWB"
579,Huobi TokenHT,$0.2552,"$41,407,341","$3,445,889","162,233,844 HT"
580,DIMODIMO,$0.1724,"$41,151,256","$315,199","238,765,557 DIMO"
581,Bella ProtocolBEL,$0.5693,"$41,142,221","$5,474,248","72,274,376 BEL"
582,Self ChainSLF,$0.4251,"$41,232,401","$16,552,271","97,000,000 SLF"
583,ArtradeATR,$0.02492,"$40,812,087","$849,638","1,637,447,282 ATR"
584,StreamrDATA,$0.03821,"$40,629,836","$2,643,491","1,063,403,853 DATA"
585,NULSNULS,$0.3692,"$40,576,092","$4,165,497","109,902,861 NULS"
586,Pirate NationPIRATE,$0.1705,"$40,539,835","$1,351,665","237,813,528 PIRATE"
587,RenREN,$0.04028,"$40,248,677","$8,713,100","999,127,500 REN"
588,DEXToolsDEXT,$0.4714,"$39,958,383","$68,850","84,759,666 DEXT"
589,Tether EURtEURt,$1.10,"$39,883,370","$2,303,318","36,387,340 EURt"
590,OnyxcoinXCN,$0.001347,"$39,692,558","$3,035,309","29,469,583,243 XCN"
591,DIADIA,$0.3563,"$39,415,414","$5,036,395","110,617,604 DIA"
592,RAMPRAMP,$0.08105,"$38,728,692",$828,"477,838,740 RAMP"
593,SaitaChain CoinSTC,$0.0008889,"$38,579,778","$1,061,375","43,401,104,265 STC"
594,ContentosCOS,$0.007454,"$38,585,813","$5,830,899","5,176,458,774 COS"
595,DeFi Pulse IndexDPI,$68.46,"$38,270,322","$219,688","558,983 DPI"
596,League of Kingdoms ArenaLOKA,$0.2174,"$38,488,792","$14,352,506","177,023,904 LOKA"
597,SPX6900SPX,$0.04127,"$38,426,133","$3,012,248","930,993,090 SPX"
598,PaLM AIPALM,$0.4971,"$38,424,846","$702,432","77,300,000 PALM"
599,DecideAIDCD,$0.07718,"$37,715,988","$344,434","488,677,471 DCD"
600,district0xDNT,$0.03763,"$37,626,229","$676,261","1,000,000,000 DNT"
601,LitentryLIT,$0.6747,"$37,600,643","$5,128,638","55,730,862 LIT"
602,Boba NetworkBOBA,$0.2189,"$37,576,410","$1,786,479","171,624,232 BOBA"
603,ConcordiumCCD,$0.003779,"$37,512,804","$780,917","9,927,890,328 CCD"
604,QuickSwap [Old]QUICK,$51.03,"$37,175,132","$22,824","728,513 QUICK"
605,Beta FinanceBETA,$0.04473,"$37,072,557","$1,572,123","828,787,879 BETA"
606,CortexCTXC,$0.1648,"$36,883,646","$3,599,154","223,875,578 CTXC"
607,AmpleforthAMPL,$1.30,"$36,784,333","$1,508,775","28,274,494 AMPL"
608,FUNTokenFUN,$0.00339,"$36,755,558","$995,550","10,843,201,660 FUN"
609,Virtuals ProtocolVIRTUAL,$0.03658,"$36,584,321","$913,110","1,000,000,000 VIRTUAL"
610,ThunderCoreTT,$0.00327,"$36,547,876","$895,354","11,176,324,425 TT"
611,VIDT DAOVIDT,$0.04346,"$36,375,695","$4,546,726","837,071,066 VIDT"
612,FlamingoFLM,$0.05811,"$36,152,968","$2,466,469","622,164,937 FLM"
613,Cream FinanceCREAM,$19.47,"$36,123,766","$4,900,646","1,855,659 CREAM"
614,BiswapBSW,$0.07013,"$35,723,364","$11,471,360","509,353,185 BSW"
615,Quickswap [New]QUICK,$0.04894,"$35,650,869","$10,165,700","728,512,544 QUICK"
616,ElectroneumETN,$0.001978,"$35,567,959","$733,162","17,979,172,505 ETN"
617,OmniFlix NetworkFLIX,$0.1417,"$35,528,175","$64,571","250,758,585 FLIX"
618,VerasityVRA,$0.003577,"$35,520,290","$9,983,017","9,930,514,635 VRA"
619,Hunt TownHUNT,$0.2815,"$35,518,682","$2,285,118","126,167,678 HUNT"
620,Celo DollarCUSD,$0.9988,"$35,512,067","$2,897,524","35,554,166 CUSD"
621,Pirate ChainARRR,$0.1809,"$35,502,205","$83,033","196,213,798 ARRR"
622,Fractal BitcoinFB,$19.06,"$35,481,791","$22,307,794","1,861,925 FB"
623,Victoria VRVR,$0.006612,"$35,283,659","$6,638,129","5,336,247,368 VR"
624,Steem DollarsSBD,$2.57,"$35,137,439","$3,219,637","13,659,210 SBD"
625,Star AtlasATLAS,$0.002068,"$35,003,685","$1,573,868","16,927,523,711 ATLAS"
626,Boson ProtocolBOSON,$0.2632,"$34,908,268","$632,749","132,645,891 BOSON"
627,Across ProtocolACX,$0.2497,"$34,472,245","$832,569","138,063,734 ACX"
628,WanchainWAN,$0.1735,"$34,397,532","$1,442,431","198,249,429 WAN"
629,IAGONIAG,$0.09142,"$34,375,724","$396,335","376,020,434 IAG"
630,StrikeSTRK,$6.51,"$34,363,151","$2,642,082","5,281,680 STRK"
631,PolkastarterPOLS,$0.3453,"$34,326,275","$2,211,274","99,401,432 POLS"
632,StaFiFIS,$0.3268,"$34,187,112","$3,457,298","104,598,941 FIS"
633,Bitcoin WizardsWZRD,$1.62,"$34,089,741","$218,948","21,000,000 WZRD"
634,IDEXIDEX,$0.04222,"$34,088,993","$5,530,272","807,488,993 IDEX"
635,Koala AIKOKO,$0.053738,"$34,052,311","$1,267,215","9,110,383,747,597 KOKO"
636,WhiteheartWHITE,"$3,818.24","$33,936,480",,"8,888 WHITE"
637,KARRATKARRAT,$0.291,"$33,865,738","$1,025,854","116,385,624 KARRAT"
638,PropbasePROPS,$0.09152,"$33,840,363","$1,653,865","369,751,554 PROPS"
639,BitgertBRISE,$0.078511,"$33,675,596","$1,057,043","395,688,215,721,653 BRISE"
640,SologenicSOLO,$0.08414,"$33,652,602","$1,860,828","399,947,699 SOLO"
641,KomodoKMD,$0.2455,"$33,376,709","$1,681,251","135,953,876 KMD"
642,AVINOCAVINOC,$0.08541,"$33,245,790","$1,976","389,244,472 AVINOC"
643,UltraUOS,$0.08675,"$33,377,500","$675,675","384,741,464 UOS"
644,Dego FinanceDEGO,$1.58,"$33,228,298","$1,903,491","20,997,213 DEGO"
645,AlchemixALCX,$14.17,"$32,851,666","$2,137,856","2,318,949 ALCX"
646,EuriteEURI,$1.11,"$32,818,052","$47,255,739","29,510,831 EURI"
647,Agoras: Currency of TauAGRS,$1.09,"$32,653,323","$61,840","29,892,947 AGRS"
648,VoxiesVOXEL,$0.1668,"$32,091,235","$9,642,140","192,392,845 VOXEL"
649,SovrynSOV,$0.4994,"$31,898,418","$37,590","63,870,369 SOV"
650,ROGin AIROG,$0.4733,"$31,707,689","$583,688","66,989,874 ROG"
651,FirmaChainFCT,$0.03515,"$31,609,382","$5,097,788","899,232,680 FCT"
652,Games for a LivingGFAL,$0.01175,"$31,607,870","$3,820,242","2,689,907,500 GFAL"
653,RallyRLY,$0.005936,"$30,982,995","$975,660","5,219,106,835 RLY"
654,DynexDNX,$0.3229,"$30,849,747","$856,851","95,541,402 DNX"
655,Isiklar CoinISIKC,$0.3057,"$30,574,474","$1,170,074","100,000,000 ISIKC"
656,Harvest FinanceFARM,$44.35,"$30,469,448","$1,146,135","687,054 FARM"
657,COMBOCOMBO,$0.4257,"$30,245,704","$2,270,707","71,051,748 COMBO"
658,HoppyHOPPY,$0.00007173,"$30,175,866","$2,895,243","420,690,000,000 HOPPY"
659,StrikeXSTRX,$0.03459,"$30,089,465","$1,155,430","869,935,244 STRX"
660,trac (Ordinals)TRAC,$1.43,"$30,008,418","$642,767","21,000,000 TRAC"
661,GameFi.orgGAFI,$2.72,"$29,803,207","$634,432","10,945,063 GAFI"
662,GEODNETGEOD,$0.2027,"$29,679,575","$516,271","146,420,041 GEOD"
663,PolySwarmNCT,$0.01572,"$29,647,892","$5,537,634","1,885,500,782 NCT"
664,SaveSLND,$0.7378,"$29,589,250","$78,105","40,105,884 SLND"
665,Assemble AIASM,$0.01969,"$29,538,961","$432,953","1,500,000,000 ASM"
666,ParclPRCL,$0.202,"$29,266,573","$25,307,515","144,901,780 PRCL"
667,SIDUSSIDUS,$0.003127,"$29,257,867","$744,345","9,356,868,845 SIDUS"
668,Numbers ProtocolNUM,$0.0431,"$29,154,877","$590,632","676,474,220 NUM"
669,GrokGROK,$0.004612,"$29,153,538","$7,737,168","6,320,722,799 GROK"
670,ConnexCONX,$25.17,"$29,144,076","$165,580","1,158,000 CONX"
671,SelfKeyKEY,$0.004841,"$29,048,217","$3,293,148","5,999,999,954 KEY"
672,BIMBIM,$1.14,"$28,990,490","$99,563","25,455,074 BIM"
673,Reserve DollarRSV,$0.9991,"$28,825,851",,"28,850,667 RSV"
674,PlayDappPDA,$0.04768,"$28,697,002","$4,841,879","601,810,482 PDA"
675,XSGDXSGD,$0.773,"$28,679,343","$379,432","37,100,109 XSGD"
676,MAGAMAGA,$0.00007294,"$28,465,417","$10,060,885","390,258,895,840 MAGA"
677,AVAAVA,$0.5269,"$28,597,472","$1,522,436","54,278,088 AVA"
678,crow with knifeCAW,$0.073705,"$28,523,966","$394,583","769,861,397,731,578 CAW"
679,Measurable Data TokenMDT,$0.04222,"$28,548,613","$2,230,912","676,157,013 MDT"
680,TranchessCHESS,$0.1645,"$28,494,300","$3,808,722","173,191,385 CHESS"
681,Doge KillerLEASH,$262.52,"$27,925,522","$731,033","106,373 LEASH"
682,RichQUACK.comQUACK,$0.096356,"$28,026,233","$504,116","44,085,961,274,152,304 QUACK"
683,Linear FinanceLINA,$0.004184,"$28,279,604","$9,394,026","6,758,502,299 LINA"
684,Stronghold TokenSHX,$0.004849,"$28,094,409","$93,059","5,793,905,044 SHX"
685,DEAPcoinDEP,$0.001027,"$27,695,913","$963,672","26,978,413,910 DEP"
686,DecimalDEL,$0.002524,"$27,696,020","$474,215","10,971,976,964 DEL"
687,VAIOTVAI,$0.08032,"$27,689,954","$779,500","344,751,032 VAI"
688,ChainSwapCSWAP,$0.02973,"$27,477,465","$72,808","924,289,610 CSWAP"
689,Paris Saint-Germain Fan TokenPSG,$2.27,"$27,460,936","$1,937,108","12,088,941 PSG"
690,SaucerSwapSAUCE,$0.03896,"$27,198,843","$1,148,534","698,052,957 SAUCE"
691,Sentinel ProtocolUPP,$0.05453,"$27,148,120","$742,214","497,834,800 UPP"
692,CoreumCOREUM,$0.07007,"$26,962,814","$1,416,878","384,792,048 COREUM"
693,LinqAILNQ,$0.1403,"$26,854,839","$1,327,549","191,434,059 LNQ"
694,Ice Open NetworkICE,$0.004059,"$26,847,827","$2,952,490","6,615,204,261 ICE"
695,GroestlcoinGRS,$0.3174,"$27,272,472","$3,829,463","85,930,739 GRS"
696,PARSIQPRQ,$0.1031,"$26,824,853","$2,226,553","260,256,872 PRQ"
697,BurgerCitiesBURGER,$0.4683,"$26,643,376","$32,965,408","56,894,126 BURGER"
698,Green Satoshi Token (SOL)GST,$0.01314,"$26,335,175","$627,823","2,003,749,572 GST"
699,SingularityDAOSDAO,$0.3177,"$26,286,557","$739,479","82,733,204 SDAO"
700,Q ProtocolQGOV,$0.1744,"$26,193,650","$31,008","150,171,298 QGOV"
701,NEOPINNPT,$0.2495,"$26,147,510","$873,404","104,810,305 NPT"
702,Dora FactoryDORA,$0.04859,"$26,106,918","$1,607,557","537,277,116 DORA"
703,ZukiverseZUKI,$0.7086,"$26,089,992","$22,187","36,819,022 ZUKI"
704,Alpaca FinanceALPACA,$0.1725,"$26,029,657","$6,680,768","150,896,621 ALPACA"
705,SamoyedcoinSAMO,$0.007053,"$25,794,810","$865,587","3,657,134,467 SAMO"
706,FEED EVERY GORILLAFEG,$0.0003194,"$25,726,431","$303,923","80,541,528,882 FEG"
707,CateCATE,$0.02556,"$25,559,625","$19,298,684","1,000,000,000 CATE"
708,BFG TokenBFG,$0.02269,"$25,478,586","$10,089","1,122,808,916 BFG"
709,WeBuyWE,$0.07022,"$25,420,335","$54,921","362,031,240 WE"
710,Kishu InuKISHU,$0.092693,"$25,081,461","$641,796","93,136,097,121,133,936 KISHU"
711,Gearbox ProtocolGEAR,$0.00452,"$25,057,337","$548,693","5,543,851,886 GEAR"
712,ChaingeXCHNG,$0.05269,"$24,978,906","$413,463","474,046,128 XCHNG"
713,IRISnetIRIS,$0.01522,"$24,604,345","$878,071","1,616,860,279 IRIS"
714,CEEK VRCEEK,$0.03048,"$24,556,725","$2,558,717","805,717,779 CEEK"
715,AhaTokenAHT,$0.004422,"$24,465,612","$602,389","5,533,190,979 AHT"
716,ASDASD,$0.03694,"$24,404,667","$1,349,382","660,615,274 ASD"
717,Miracle PlayMPT,$0.03971,"$24,403,940","$451,877","614,613,469 MPT"
718,GameStopGME,$0.003544,"$24,400,665","$10,231,969","6,885,214,218 GME"
719,Data Ownership ProtocolDOP,$0.00293,"$24,307,760","$4,742,629","8,297,009,322 DOP"
720,EdelcoinEDLC,$1.13,"$24,241,406","$9,511,312","21,544,028 EDLC"
721,Moss CoinMOC,$0.05809,"$24,192,712","$2,326,404","416,489,688 MOC"
722,Vertex ProtocolVRTX,$0.07551,"$24,145,911","$1,912,507","319,776,796 VRTX"
723,ResearchCoinRSC,$0.2528,"$24,065,707","$61,295","95,213,466 RSC"
724,Cetus ProtocolCETUS,$0.08589,"$24,050,525","$9,529,408","280,000,000 CETUS"
725,Helium IOTIOT,$0.001249,"$23,860,904","$68,222","19,099,387,865 IOT"
726,APXAPX,$0.04481,"$23,860,857","$322,427","532,548,694 APX"
727,MultibitMUBI,$0.02503,"$23,780,759","$5,167,613","950,000,000 MUBI"
728,xMoneyUTK,$0.04744,"$23,719,384","$1,798,718","500,000,000 UTK"
729,AirDAOAMB,$0.007516,"$23,631,267","$2,140,781","3,144,149,487 AMB"
730,Graphlinq ChainGLQ,$0.06928,"$23,555,160","$1,415,743","339,999,895 GLQ"
731,Guild of GuardiansGOG,$0.03639,"$23,341,807","$363,458","641,384,001 GOG"
732,catwifhatCWIF,$0.066882,"$23,313,274","$319,380","33,877,510,727,511 CWIF"
733,sUSDSUSD,$0.9769,"$23,312,330","$1,121,567","23,864,685 SUSD"
734,Alpha Quark TokenAQT,$0.8679,"$23,265,811","$2,042,585","26,806,201 AQT"
735,The Root NetworkROOT,$0.02237,"$23,235,848","$4,156,900","1,038,925,778 ROOT"
736,BeefyBIFI,$290.15,"$23,211,658","$1,391,455","80,000 BIFI"
737,PaxePAXE,$7.71,"$23,140,024","$2,127,928","3,000,000 PAXE"
738,Morpheus.NetworkMNW,$0.4861,"$22,936,330","$192,976","47,180,014 MNW"
739,XeniosCoinXNC,$0.3001,"$22,888,823",,"76,274,958 XNC"
740,XPR NetworkXPR,$0.0008561,"$22,823,997","$437,492","26,660,268,408 XPR"
741,Swarm MarketsSMT,$0.2771,"$22,668,170","$179,836","81,815,875 SMT"
742,dForceDF,$0.03229,"$22,603,598","$1,383,349","699,926,147 DF"
743,pSTAKE FinancePSTAKE,$0.05138,"$22,588,744","$1,087,822","439,651,042 PSTAKE"
744,Sabai ProtocolSABAI,$0.04271,"$22,495,866","$226,829","526,710,884 SABAI"
745,Unifi Protocol DAOUNFI,$2.61,"$22,479,734","$4,487,223","8,629,041 UNFI"
746,VITEVITE,$0.02024,"$22,292,568","$4,539,090","1,101,655,751 VITE"
747,ZTXZTX,$0.0058,"$22,185,097","$1,249,182","3,825,073,881 ZTX"
748,PolytradeTRADE,$0.5886,"$22,074,056","$1,168,179","37,500,243 TRADE"
749,Hacken TokenHAI,$0.03426,"$22,099,189","$291,476","644,990,562 HAI"
750,FIO ProtocolFIO,$0.02781,"$21,997,939","$2,277,322","790,957,091 FIO"
751,GalxeGAL,$2.25,"$21,939,286","$36,848","9,740,579 GAL"
752,KLAYswap ProtocolKSP,$0.275,"$21,882,138","$354,667","79,556,974 KSP"
753,Aura FinanceAURA,$0.3957,"$21,814,052","$298,380","55,125,601 AURA"
754,BIDRBIDR,$0.00007826,"$21,722,231",$42,"277,566,300,089 BIDR"
755,AdExADX,$0.1493,"$21,507,182","$4,287,471","144,046,027 ADX"
756,BasenjiBENJI,$0.0233,"$21,485,729","$2,224,137","922,044,870 BENJI"
757,AXELAXEL,$0.07553,"$21,383,460","$9,587","283,102,718 AXEL"
758,PUPS (Ordinals)PUPS,$2.75,"$21,349,117","$203,244","7,770,000 PUPS"
759,TaraxaTARA,$0.00481,"$21,191,617","$382,324","4,405,832,713 TARA"
760,SwissCheeseSWCH,$0.5533,"$21,164,818","$4,198,201","38,248,822 SWCH"
761,CratosCRTS,$0.0004272,"$21,060,767","$3,142,495","49,299,676,745 CRTS"
762,PropchainPROPC,$0.9639,"$21,056,509","$704,632","21,845,276 PROPC"
763,Keep3rV1KP3R,$49.26,"$20,945,156","$1,822,529","425,178 KP3R"
764,Blockchain Foundation for Innovation & CollaborationBFIC,$1.98,"$20,910,502","$2,467,099","10,578,424 BFIC"
765,Moon TropicaCAH,$9.32,"$20,841,884","$71,303","2,236,269 CAH"
766,CornucopiasCOPI,$0.02452,"$20,811,173","$152,249","848,670,162 COPI"
767,FluenceFLT,$0.2359,"$20,653,482","$603,410","87,548,143 FLT"
768,SIXSIX,$0.02415,"$20,548,312","$1,104,351","850,966,610 SIX"
769,SquidGrowSQGROW,$0.02656,"$20,539,036","$92,854","773,211,644 SQGROW"
770,Ginnan The CatGINNAN,$0.052967,"$20,479,775","$10,003,717","6,899,998,362,189 GINNAN"
771,LandWolf (SOL)WOLF,$0.002041,"$20,410,236","$704,590","9,999,840,984 WOLF"
772,PAID NetworkPAID,$0.04747,"$20,322,905","$13,901","428,107,911 PAID"
773,Impossible Finance LaunchpadIDIA,$0.02957,"$20,110,324","$13,160","680,000,000 IDIA"
774,StorX NetworkSRX,$0.0588,"$20,074,627","$1,117,403","341,427,504 SRX"
775,OpulousOPUL,$0.07076,"$20,074,722","$1,453,302","283,693,726 OPUL"
776,FC Barcelona Fan TokenBAR,$1.74,"$19,979,900","$1,784,087","11,466,824 BAR"
777,Router Protocol (Old)ROUTE,$1.20,"$19,770,079","$332,427","16,449,189 ROUTE"
778,MATHMATH,$0.1724,"$19,709,641","$224,316","114,356,164 MATH"
779,Wing FinanceWING,$4.28,"$19,663,022","$1,361,883","4,593,274 WING"
780,Foxsy AIFOXSY,$0.09643,"$19,598,368","$1,588,764","203,240,765 FOXSY"
781,Vectorspace AIVXV,$0.3953,"$19,573,492","$54,904","49,517,054 VXV"
782,DeroDERO,$1.36,"$19,422,068","$9,306","14,312,916 DERO"
783,HathorHTR,$0.04241,"$19,393,434","$390,033","457,287,953 HTR"
784,8-Bit CoinCOIN,$0.0006425,"$19,276,424","$60,462","30,000,000,000 COIN"
785,AkropolisAKRO,$0.004349,"$19,294,712","$4,893,225","4,436,209,630 AKRO"
786,DiamondDMD,$5.00,"$19,160,150","$37,964","3,830,877 DMD"
787,cheqdCHEQ,$0.02986,"$19,187,259","$121,202","642,492,815 CHEQ"
788,ELYSIAEL,$0.00478,"$19,171,812","$622,086","4,010,729,784 EL"
789,GiftoGFT,$0.0186,"$19,199,627","$1,836,578","1,032,167,539 GFT"
790,GT ProtocolGTAI,$0.5233,"$18,793,046","$6,568,307","35,914,521 GTAI"
791,Rupiah TokenIDRT,$0.00006557,"$19,088,785","$741,285","291,132,793,120 IDRT"
792,Cere NetworkCERE,$0.002743,"$19,038,608","$443,727","6,939,923,952 CERE"
793,ZUSDZUSD,$0.9995,"$19,002,973",$86,"19,012,373 ZUSD"
794,AIT ProtocolAIT,$0.0835,"$19,018,846","$1,391,412","227,778,609 AIT"
795,BurnedfiBURN,$1.39,"$18,845,568","$264,137","13,590,989 BURN"
796,Statter NetworkSTT,$0.3727,"$18,765,533","$1,953,210","50,344,589 STT"
797,MoonchainMXC,$0.007112,"$18,789,990","$1,555,200","2,642,132,371 MXC"
798,BlackFort Exchange NetworkBXN,$0.004142,"$18,597,814","$465,310","4,489,589,680 BXN"
799,PIVXPIVX,$0.2151,"$18,552,115","$1,964,542","86,235,148 PIVX"
800,PIVXPIVX,$0.2156,"$18,589,106","$1,970,950","86,235,148 PIVX"
801,StaderSD,$0.4529,"$18,463,366","$1,444,820","40,763,114 SD"
802,MON ProtocolMON,$0.1382,"$18,369,795","$4,388,582","132,929,035 MON"
803,UniLendUFT,$0.2323,"$18,360,642","$1,643,592","79,050,222 UFT"
804,DeFiChainDFI,$0.02213,"$18,345,856","$726,629","828,938,980 DFI"
805,RyuJinRYU,$0.071901,"$18,326,570","$316,233","963,849,991,678,536 RYU"
806,NexeraNXRA,$0.02229,"$18,297,181","$194,417","820,713,704 NXRA"
807,Only1LIKE,$0.05478,"$18,141,697","$1,092,565","331,159,918 LIKE"
808,Blendr NetworkBLENDR,$0.4478,"$18,102,867","$306,663","40,425,847 BLENDR"
809,HOPRHOPR,$0.05281,"$18,017,108","$294,886","341,173,813 HOPR"
810,ParagonsDAOPDT,$0.1133,"$18,032,599","$1,214","159,227,540 PDT"
811,Ancient8A8,$0.08844,"$17,996,822","$5,423,245","203,500,000 A8"
812,Hermez NetworkHEZ,$3.83,"$17,998,383","$20,964","4,700,000 HEZ"
813,ScallopSCA,$0.3555,"$17,890,403","$8,786,919","50,317,843 SCA"
814,ZyptoZYPTO TOKEN,$0.01995,"$17,886,530","$122,092","896,457,994 ZYPTO TOKEN"
815,Kava LendHARD,$0.1323,"$17,832,300","$7,161,908","134,791,668 HARD"
816,Neon EVMNEON,$0.3089,"$17,806,401","$1,275,365","57,651,000 NEON"
817,MetaMAFIAMAF,$0.06532,"$17,684,235","$1,852,189","270,712,816 MAF"
818,Galatasaray Fan TokenGAL,$1.86,"$17,618,212","$1,415,756","9,446,864 GAL"
819,NAVI ProtocolNAVX,$0.08552,"$17,513,090","$3,465,726","204,777,486 NAVX"
820,NATIX NetworkNATIX,$0.001084,"$17,492,665","$164,460","16,132,952,900 NATIX"
821,Wrapped DogWDOG,$0.01745,"$17,449,325","$5,715,287","999,998,439 WDOG"
822,OORTOORT,$0.08193,"$17,399,606","$1,125,333","212,359,971 OORT"
823,RadiantRXD,$0.001492,"$17,379,653","$433,041","11,651,098,971 RXD"
824,TectonicTONIC,$0.076972,"$17,270,962","$15,614","247,733,879,909,099 TONIC"
825,GAMEEGMEE,$0.01423,"$17,266,676","$917,938","1,213,630,080 GMEE"
826,BarnBridgeBOND,$2.18,"$17,256,894","$15,482,513","7,910,262 BOND"
827,Verified USDUSDV,$0.9972,"$17,093,074","$1,745,070","17,141,815 USDV"
828,EllipsisEPS,$0.02359,"$17,069,904",$542,"723,701,572 EPS"
829,Creo EngineCREO,$0.05877,"$17,061,689","$2,171,242","290,296,616 CREO"
830,AuroryAURY,$0.2758,"$17,034,006","$302,965","61,758,692 AURY"
831,SmogSMOG,$0.02184,"$17,016,385","$193,501","778,999,968 SMOG"
832,Vector Smart GasVSG,$0.001679,"$16,786,496","$1,679,961","10,000,000,000 VSG"
833,Manchester City Fan TokenCITY,$2.04,"$16,715,221","$1,464,242","8,211,356 CITY"
834,AlturaALU,$0.02322,"$16,711,924","$11,800,437","719,755,021 ALU"
835,OhoOHO,$0.0006921,"$16,695,755","$992,464","24,123,896,382 OHO"
836,KwentaKWENTA,$38.60,"$16,667,368","$55,360","431,809 KWENTA"
837,TrollTROLL,$0.071721,"$16,527,694","$2,286,165","960,420,000,000,000 TROLL"
838,Nine ChroniclesWNCG,$0.04475,"$16,441,120","$278,809","367,436,888 WNCG"
839,FiroFIRO,$1.16,"$16,436,233","$840,193","14,141,281 FIRO"
840,KleverKLV,$0.001841,"$16,351,406","$895,077","8,880,780,407 KLV"
841,Creta WorldCRETA,$0.01112,"$16,302,923","$344,693","1,466,307,454 CRETA"
842,MinswapMIN,$0.01505,"$16,294,927","$187,083","1,082,367,249 MIN"
843,UNS TOKENUNS,$0.1542,"$16,282,749",$14,"105,604,200 UNS"
844,AviatorAVI,$0.002404,"$16,257,211","$10,465","6,762,594,113 AVI"
845,Shark CatSC,$0.01642,"$16,256,240","$2,188,080","989,895,519 SC"
846,MUNCATMUNCAT,$0.01619,"$16,188,048","$4,069,083","1,000,000,000 MUNCAT"
847,FrontierFRONT,$0.6037,"$16,188,088","$700,265","26,814,355 FRONT"
848,Zero1 LabsDEAI,$0.1772,"$16,163,821","$1,946,319","91,221,244 DEAI"
849,zKMLZKML,$0.1727,"$16,126,921","$72,395","93,371,600 ZKML"
850,MonaCoinMONA,$0.2435,"$16,003,511","$151,237","65,729,675 MONA"
851,e-RadixEXRD,$0.0217,"$15,947,677","$196,076","734,834,633 EXRD"
852,TarotTAROT,$0.2474,"$15,888,193","$471,746","64,213,616 TAROT"
853,iMe LabLIME,$0.03635,"$15,732,775","$3,940,199","432,774,153 LIME"
854,Crypto Asset Governance AllianceCAGA,$0.0002536,"$15,595,577","$842,458","61,492,072,802 CAGA"
855,DeFi KingdomsJEWEL,$0.1364,"$15,481,963","$8,920","113,537,457 JEWEL"
856,SAD HAMSTERHAMMY,$0.01639,"$15,434,451","$409,301","941,901,250 HAMMY"
857,NuNetNTX,$0.03056,"$15,405,362","$136,622","504,084,665 NTX"
858,SynternetNOIA,$0.05347,"$15,403,250","$13,822","288,065,607 NOIA"
859,ZEONZEON,$0.0004996,"$15,253,744","$25,283","30,529,103,436 ZEON"
860,Shido [New]SHIDO,$0.0008575,"$15,243,993","$571,645","17,778,060,067 SHIDO"
861,HegeHEGE,$0.01538,"$15,382,584","$919,634","999,852,397 HEGE"
862,CENNZnetCENNZ,$0.01257,"$15,085,086","$51,146","1,200,000,000 CENNZ"
863,ScallopSCLP,$0.2332,"$15,057,555","$761,442","64,582,951 SCLP"
864,AirSwapAST,$0.08573,"$14,958,945","$613,831","174,479,533 AST"
865,Clore.aiCLORE,$0.05956,"$14,858,673","$3,829,767","249,491,637 CLORE"
866,SpaceNSN,$0.3713,"$14,857,497","$10,005","40,010,000 SN"
867,Ben the DogBENDOG,$0.01483,"$14,830,651","$3,772,539","999,780,947 BENDOG"
868,WAGMI GamesWAGMIGAMES,$0.058233,"$14,855,059","$1,977,290","1,804,354,666,195 WAGMIGAMES"
869,QnA3.AIGPT,$0.0961,"$14,774,758","$1,968,746","153,749,940 GPT"
870,MangoMNGO,$0.01477,"$14,766,894","$147,801","1,000,000,000 MNGO"
871,Invest ZoneIVfun,$0.01569,"$14,748,282","$4,256,035","940,218,906 IVfun"
872,StratosSTOS,$0.3802,"$14,750,626","$349,833","38,800,874 STOS"
873,Santos FC Fan TokenSANTOS,$2.66,"$14,738,137","$4,405,506","5,546,061 SANTOS"
874,DefigramDFG,$1.47,"$14,723,240","$5,124","10,000,000 DFG"
875,CounterpartyXCP,$5.66,"$14,662,069",$17,"2,592,289 XCP"
876,NimiqNIM,$0.001187,"$14,647,261","$181,640","12,340,191,749 NIM"
877,Azuro ProtocolAZUR,$0.09052,"$14,645,994","$580,939","161,800,548 AZUR"
878,Gleec CoinGLEEC,$0.08034,"$14,601,966","$1,210,006","181,755,046 GLEEC"
879,MdexMDX,$0.01591,"$15,117,556","$552,384","950,246,937 MDX"
880,OG Fan TokenOG,$3.01,"$14,559,942","$2,498,043","4,838,046 OG"
881,Commune AICOMAI,$0.1442,"$14,527,749","$167,201","100,735,860 COMAI"
882,GYENGYEN,$0.006921,"$14,525,813","$19,499","2,098,780,833 GYEN"
883,SPECTRE AISPECTRE,$1.59,"$14,501,036","$38,074","9,093,998 SPECTRE"
884,TokenPocketTPT,$0.004183,"$14,498,828","$22,430","3,466,457,400 TPT"
885,DMAIL NetworkDMAIL,$0.2424,"$14,484,453","$4,649,526","59,746,708 DMAIL"
886,Cryptex FinanceCTX,$2.16,"$14,467,053","$99,252","6,702,704 CTX"
887,BrainletBRAINLET,$0.01514,"$14,424,249","$3,495,584","952,905,541 BRAINLET"
888,3space ArtPACE,$0.2121,"$14,416,927","$421,943","67,969,139 PACE"
889,CatCoinCAT,$0.092875,"$14,376,619","$2,615,266","50,000,000,000,000,000 CAT"
890,Meter GovernanceMTRG,$0.4586,"$14,354,661","$39,787","31,300,300 MTRG"
891,SentinelDVPN,$0.0007342,"$14,345,307","$200,792","19,538,338,876 DVPN"
892,GaiminGMRX,$0.0009206,"$14,311,647","$128,661","15,545,216,839 GMRX"
893,QuiztokQTCON,$0.001451,"$14,280,358","$103,813","9,843,756,487 QTCON"
894,KoinosKOIN,$0.1705,"$14,195,305","$819,221","83,257,338 KOIN"
895,ViberateVIB,$0.07105,"$14,209,559","$1,137,179","199,995,000 VIB"
896,Alpine F1 Team Fan TokenALPINE,$1.25,"$14,166,769","$1,742,093","11,360,000 ALPINE"
897,TG CasinoTGC,$0.1807,"$14,157,918","$125,582","78,341,520 TGC"
898,Shapeshift FOX TokenFOX,$0.03751,"$14,146,647","$169,571","377,154,162 FOX"
899,zkRaceZERC,$0.1176,"$14,111,835","$42,005","120,000,000 ZERC"
900,HegicHEGIC,$0.01996,"$14,045,722","$74,660","703,727,349 HEGIC"
901,KYVE NetworkKYVE,$0.02046,"$14,020,910","$10,037","685,309,403 KYVE"
902,TARS AITAI,$0.1127,"$13,973,561","$2,807,679","124,015,682 TAI"
903,DFI.MoneyYFII,$362.14,"$13,976,997","$2,939,407","38,596 YFII"
904,Katana InuKATA,$0.0005094,"$13,869,757","$303,590","27,226,308,014 KATA"
905,Pepe 2.0PEPE2.0,$0.072946,"$13,816,085","$1,389,378","469,000,000,000,000 PEPE2.0"
906,BrickkenBKN,$0.2206,"$13,778,372","$3,446,611","62,465,848 BKN"
907,WiFi MapWIFI,$0.02882,"$13,768,084","$487,087","477,657,468 WIFI"
908,PandoraPANDORA,"$1,376.45","$13,764,510","$3,374,204","10,000 PANDORA"
909,VelasVLX,$0.005224,"$13,750,493","$560,820","2,631,985,102 VLX"
910,UNCX NetworkUNCX,$293.14,"$13,649,168",,"46,562 UNCX"
911,SwarmBZZ,$0.2586,"$13,603,816","$491,488","52,600,661 BZZ"
912,BottoBOTTO,$0.2827,"$13,488,521","$66,453","47,719,592 BOTTO"
913,Nibiru ChainNIBI,$0.07221,"$13,481,518","$793,434","186,694,846 NIBI"
914,DUKODUKO,$0.001391,"$13,447,150","$1,525,686","9,663,955,990 DUKO"
915,Book.ioBOOK,$0.01164,"$13,437,813",$147,"1,154,403,100 BOOK"
916,OpenChatCHAT,$0.45,"$13,476,941","$248,150","29,948,057 CHAT"
917,Common WealthWLTH,$0.04262,"$13,426,887","$306,131","315,010,666 WLTH"
918,ApeironAPRS,$0.153,"$13,408,399","$4,409,463","87,630,814 APRS"
919,Volt InuVOLT,$0.062441,"$13,368,167","$73,135","54,766,287,142,827 VOLT"
920,SwftCoinSWFTC,$0.00334,"$13,377,500","$1,694,066","4,004,999,999 SWFTC"
921,PitbullPIT,$0.09332,"$13,342,755","$312,811","40,192,158,063,660,000 PIT"
922,Diamond LaunchDLC,$0.1384,"$13,317,291","$171,212","96,203,056 DLC"
923,Lollybomb Meme CoinBOMB,$0.001326,"$13,264,505","$11,261","10,000,000,000 BOMB"
924,ALTAVATAVA,$0.02596,"$13,207,705","$1,620,696","508,811,996 TAVA"
925,FONSmartChainFON,$0.8833,"$13,189,888","$102,132","14,932,976 FON"
926,KryllKRL,$0.3557,"$13,125,751","$79,747","36,896,369 KRL"
927,MileVerseMVC,$0.004723,"$13,041,223","$1,288,215","2,761,029,999 MVC"
928,AlitasALT,$0.1083,"$12,991,507","$155,487","120,000,000 ALT"
929,Inverse FinanceINV,$21.96,"$12,966,788","$123,161","590,375 INV"
930,AventusAVT,$2.13,"$12,780,134","$361,989","6,000,000 AVT"
931,BADMAD ROBOTSMETAL,$0.01797,"$12,927,193","$145,023","719,299,800 METAL"
932,Vara NetworkVARA,$0.02299,"$12,841,410","$174,909","558,573,850 VARA"
933,Electric Vehicle ZoneEVZ,$0.005909,"$12,876,985","$1,353,029","2,179,372,137 EVZ"
934,GaleonGALEON,$0.01782,"$12,682,679","$68,938","711,814,939 GALEON"
935,LumiWaveLWA,$0.02336,"$12,678,223","$4,503,248","542,746,646 LWA"
936,HELLO LabsHELLO,$0.02004,"$12,635,737","$1,111,009","630,523,787 HELLO"
937,zkLinkZKL,$0.09262,"$12,630,797","$5,166,933","136,375,000 ZKL"
938,Jesus CoinJESUS,$0.078326,"$12,608,426","$58,065","151,426,487,242,538 JESUS"
939,NexaNEXA,$0.05215,"$12,606,876","$363,858","5,859,620,000,000 NEXA"
940,WhiteCoinXWC,$0.01649,"$12,604,748","$294,879","764,324,623 XWC"
941,Tornado CashTORN,$2.41,"$12,670,414","$23,135","5,262,345 TORN"
942,PAWPAW,$0.071326,"$12,565,391","$360,785","947,958,529,404,516 PAW"
943,Rangers Protocol GasRPG,$1.35,"$12,530,035","$177,135","9,306,140 RPG"
944,Juventus Fan TokenJUV,$1.61,"$12,506,842","$1,252,838","7,751,423 JUV"
945,SHPINGSHPING,$0.005468,"$12,504,795","$46,065","2,286,791,464 SHPING"
946,HyperGPTHGPT,$0.02134,"$12,453,161","$1,912,625","583,625,238 HGPT"
947,CredefiCREDI,$0.01663,"$12,447,742","$495,300","748,573,880 CREDI"
948,LumerinLMR,$0.02047,"$12,414,600","$132,355","606,615,000 LMR"
949,SpookySwapBOO,$1.32,"$12,394,948","$135,014","9,390,930 BOO"
950,HatomHTM,$0.7403,"$12,339,682","$116,552","16,667,457 HTM"
951,AS Roma Fan TokenASR,$1.88,"$12,292,914","$1,409,694","6,544,036 ASR"
952,Electra ProtocolXEP,$0.0006775,"$12,237,888","$179,213","18,062,748,863 XEP"
953,Veno FinanceVNO,$0.02573,"$12,211,623","$18,270","474,514,554 VNO"
954,TokemakTOKE,$0.7453,"$12,159,303","$60,008","16,314,929 TOKE"
955,Waffles Davincij15's Cat$WAFFLES,$0.01349,"$12,070,097","$655,803","894,466,543 $WAFFLES"
956,XCAD NetworkXCAD,$0.2517,"$12,010,473","$1,934,187","47,726,796 XCAD"
957,KlerosPNK,$0.01528,"$11,868,079","$419,258","776,626,703 PNK"
958,DecubateDCB,$0.03097,"$11,853,893","$951,217","382,813,836 DCB"
959,TROYTROY,$0.001372,"$11,835,120","$1,832,669","8,625,000,000 TROY"
960,NumericoNWC,$0.07829,"$11,774,499","$110,349","150,400,834 NWC"
961,Bitcoin DiamondBCD,$0.06299,"$11,747,608","$8,095","186,492,898 BCD"
962,Ooki ProtocolOOKI,$0.001335,"$11,713,753","$2,640,049","8,777,418,567 OOKI"
963,SperaxSPA,$0.00692,"$11,705,715","$1,184,837","1,691,682,261 SPA"
964,Comtech GoldCGO,$82.98,"$11,699,832","$624,519","141,000 CGO"
965,SolchatCHAT,$1.45,"$11,653,497","$1,549,294","8,043,460 CHAT"
966,r/CryptoCurrency MoonsMOON,$0.1091,"$11,646,170","$22,107","106,776,318 MOON"
967,DimecoinDIME,$0.00002427,"$11,607,383",,"478,333,438,962 DIME"
968,PomeriumPMG,$0.109,"$11,602,547","$704,649","106,412,323 PMG"
969,DeepBrain ChainDBC,$0.002134,"$11,583,565","$188,732","5,428,952,299 DBC"
970,Polaris SharePOLA,$0.02396,"$11,578,740","$609,356","483,180,747 POLA"
971,Chrono.techTIME,$16.28,"$11,561,232","$156,729","710,113 TIME"
972,MADMAD,$0.00001156,"$11,555,460","$1,025,148","999,978,113,474 MAD"
973,Silly DragonSILLY,$0.01154,"$11,539,429","$4,465,145","999,975,726 SILLY"
974,HIHI,$0.000473,"$11,528,707","$273,799","24,374,900,660 HI"
975,GameGPTDUEL,$0.0039,"$11,524,215","$2,325,811","2,954,764,892 DUEL"
976,MESSIERM87,$0.00001294,"$11,450,592","$87,022","884,846,293,944 M87"
977,SuperWalkGRND,$0.09709,"$11,443,521","$623,737","117,859,129 GRND"
978,nubcatNUB,$0.01203,"$11,433,064","$2,880,585","950,000,253 NUB"
979,Step FinanceSTEP,$0.05139,"$11,378,189","$72,357","221,408,395 STEP"
980,MintlayerML,$0.1767,"$11,341,503","$2,200,669","64,198,610 ML"
981,DevveDEVVE,$0.2062,"$11,296,697","$248,093","54,791,063 DEVVE"
982,SukuSUKU,$0.06326,"$11,285,001","$390,126","178,403,407 SUKU"
983,Bitcoin AtomBCA,$0.6117,"$11,266,256",,"18,418,931 BCA"
984,Asterix LabsASTX,"$1,126.15","$11,261,527",$244,"10,000 ASTX"
985,SolaniumSLIM,$0.1126,"$11,258,459","$287,029","100,000,000 SLIM"
986,Dvision NetworkDVI,$0.01432,"$11,247,271","$527,314","785,196,290 DVI"
987,S.S. Lazio Fan TokenLAZIO,$1.30,"$11,215,954","$4,115,535","8,600,000 LAZIO"
988,Castello CoinCAST,$0.05261,"$11,170,480",,"212,328,507 CAST"
989,SlothanaSLOTH,$0.006599,"$11,186,537","$3,350,800","1,695,118,152 SLOTH"
990,Atlas NaviNAVI,$0.1173,"$11,095,461","$101,093","94,600,183 NAVI"
991,PeercoinPPC,$0.38,"$11,075,611","$41,561","29,145,938 PPC"
992,ArianeeARIA20,$0.1023,"$10,985,017",$12,"107,371,813 ARIA20"
993,OAXOAX,$0.1431,"$11,027,221","$900,346","77,034,446 OAX"
994,Quantum Resistant LedgerQRL,$0.1612,"$10,949,290","$509,647","67,937,170 QRL"
995,MetaheroHERO,$0.002135,"$10,877,394","$888,673","5,095,643,290 HERO"
996,BreederDAOBREED,$0.01646,"$10,806,681","$410,266","656,493,789 BREED"
997,Minati CoinMNTC,$1.71,"$10,745,290","$973,634","6,275,000 MNTC"
998,TrustSwapSWAP,$0.1074,"$10,742,941","$808,346","99,995,164 SWAP"
999,BloktopiaBLOK,$0.0006124,"$10,740,056","$266,968","17,536,640,676 BLOK"
